Year,Winner,Loser,WRank,LRank,pl1_flag,pl1_year_pro,pl1_weight,pl1_height,pl1_hand,pl2_flag,pl2_year_pro,pl2_weight,pl2_height,pl2_hand,higher_rank_won,rank_diff,rank_diff_cat,same_handedness
2022,Shapovalov D.,Djere L.,14,51.0,CAN,2016,76,183,Left,SRB,2013.0,80.0,185.0,Right,Yes,-37.0,Medium,No
2022,Kwon S.W.,Rune H.,54,99.0,KOR,2015,72,180,Right,DEN,2020.0,77.0,188.0,Right,Yes,-45.0,Medium,Yes
2022,Lajovic D.,Fucsovics M.,39,35.0,SRB,2007,78,183,Right,HUN,2010.0,82.0,188.0,Right,No,4.0,Low,Yes
2022,Vukic A.,Harris L.,144,33.0,AUS,2018,85,188,Right,RSA,2015.0,80.0,193.0,Right,No,111.0,High,Yes
2022,Garin C.,Bagnis F.,19,72.0,CHI,2013,85,185,Right,ARG,2008.0,82.0,183.0,Left,Yes,-53.0,Medium,No
2022,Martinez P.,Delbonis F.,61,38.0,ESP,2016,76,185,Right,ARG,2007.0,88.0,191.0,Left,No,23.0,Low,No
2022,Bonzi B.,Gojowczyk P.,63,82.0,FRA,2015,82,183,Right,GER,2006.0,83.0,188.0,Right,Yes,-19.0,Low,Yes
2022,Albot R.,Nishioka Y.,124,119.0,MDA,2008,69,175,Right,JPN,2014.0,64.0,170.0,Left,No,5.0,Low,No
2022,Alcaraz C.,Tabilo A.,31,135.0,ESP,2018,72,185,Right,CHI,2015.0,75.0,188.0,Right,Yes,-104.0,High,Yes
2022,Kozlov S.,Vesely J.,169,78.0,USA,2013,79,183,Right,CZE,2009.0,92.0,198.0,Left,No,91.0,High,No
2022,Monfils G.,Coria F.,20,64.0,FRA,2004,80,193,Right,ARG,2010.0,73.0,180.0,Right,Yes,-44.0,Medium,Yes
2022,Berrettini M.,Nakashima B.,7,68.0,ITA,2015,95,196,Right,USA,2019.0,84.0,185.0,Right,Yes,-61.0,Medium,Yes
2022,Khachanov K.,Kudla D.,30,105.0,RUS,2013,88,198,Right,USA,2010.0,75.0,180.0,Right,Yes,-75.0,Medium,Yes
2022,Mannarino A.,Duckworth J.,69,49.0,FRA,2004,70,180,Left,AUS,2010.0,82.0,183.0,Right,No,20.0,Low,No
2022,Carreno Busta P.,Etcheverry T.,21,131.0,ESP,2009,78,188,Right,ARG,2015.0,82.0,196.0,Right,Yes,-110.0,High,Yes
2022,Bublik A.,Escobedo E.,37,141.0,KAZ,2014,76,196,Right,USA,2014.0,82.0,185.0,Right,Yes,-104.0,High,Yes
2022,Nadal R.,Giron M.,5,66.0,ESP,2001,85,185,Left,USA,2014.0,77.0,180.0,Right,Yes,-61.0,Medium,No
2022,Korda S.,Norrie C.,43,12.0,USA,2018,77,196,Right,GBR,2017.0,80.0,188.0,Left,No,31.0,Medium,No
2022,Hurkacz H.,Gerasimov E.,11,106.0,ITA,2013,77,188,Right,BLR,2010.0,84.0,183.0,Right,Yes,-95.0,High,Yes
2022,Koepfer D.,Taberner C.,53,108.0,GER,2016,79,180,Left,ESP,2015.0,78.0,183.0,Right,Yes,-55.0,Medium,No
2022,Moutet C.,Pouille L.,100,160.0,FRA,2016,71,175,Left,FRA,2012.0,81.0,185.0,Right,Yes,-60.0,Medium,No
2022,Griekspoor T.,Fognini F.,62,32.0,NED,2015,85,188,Right,ITA,2004.0,74.0,178.0,Right,No,30.0,Low,Yes
2022,Mcdonald M.,Milojevic N.,55,139.0,USA,2016,73,178,Right,SRB,2013.0,76.0,188.0,Right,Yes,-84.0,High,Yes
2022,Kecmanovic M.,Caruso S.,77,146.0,SRB,2017,75,183,Right,ITA,2010.0,80.0,185.0,Right,Yes,-69.0,Medium,Yes
2022,Sonego L.,Querrey S.,26,110.0,ITA,2013,76,191,Right,USA,2006.0,95.0,198.0,Right,Yes,-84.0,High,Yes
2022,Hanfmann Y.,Kokkinakis T.,126,103.0,GER,2015,84,193,Right,AUS,2013.0,82.0,196.0,Right,No,23.0,Low,Yes
2022,Opelka R.,Anderson K.,29,97.0,USA,2015,100,211,Right,RSA,2007.0,93.0,203.0,Right,Yes,-68.0,Medium,Yes
2022,Millman J.,Lopez F.,89,109.0,AUS,2006,79,183,Right,ESP,1997.0,73.0,185.0,Left,Yes,-20.0,Low,No
2022,Otte O.,Tseng C.H.,96,190.0,GER,2011,79,183,Right,,,,,,Yes,-94.0,High,
2022,Karatsev A.,Munar J.,15,71.0,RUS,2011,85,185,Right,ESP,2014.0,78.0,183.0,Right,Yes,-56.0,Medium,Yes
2022,Paul T.,Kukushkin M.,41,180.0,USA,2015,78,185,Right,KAZ,2006.0,72.0,183.0,Right,Yes,-139.0,High,Yes
2022,Zverev A.,Altmaier D.,3,87.0,GER,2013,86,198,Right,GER,2014.0,80.0,188.0,Right,Yes,-84.0,High,Yes
2022,Schwartzman D.,Krajinovic F.,13,36.0,ARG,2010,64,170,Right,SRB,2008.0,75.0,185.0,Right,Yes,-23.0,Low,Yes
2022,Van De Zandschulp B.,Struff J.L.,57,52.0,NED,2018,83,188,Right,GER,2009.0,87.0,196.0,Right,No,5.0,Low,Yes
2022,Gasquet R.,Humbert U.,81,40.0,FRA,2002,75,185,Right,FRA,2016.0,73.0,188.0,Left,No,41.0,Medium,No
2022,O Connell C.,Gaston H.,175,67.0,AUS,2011,78,183,Right,FRA,2018.0,68.0,173.0,Left,No,108.0,High,No
2022,Gombos N.,Skatov T.,117,253.0,SVK,2009,85,196,Right,,,,,,Yes,-136.0,High,
2022,Cilic M.,Gomez E.,27,153.0,CRO,2005,89,198,Right,ECU,2013.0,81.0,185.0,Right,Yes,-126.0,High,Yes
2022,Kohlschreiber P.,Cecchinato M.,134,95.0,GER,2001,70,178,Right,ITA,2010.0,78.0,185.0,Right,No,39.0,Medium,Yes
2022,Bautista Agut R.,Travaglia S.,18,98.0,ESP,2005,76,183,Right,ITA,2008.0,80.0,185.0,Right,Yes,-80.0,High,Yes
2022,Berankis R.,Carballes Baena R.,93,75.0,LTU,2007,70,175,Right,ESP,2011.0,76.0,180.0,Right,No,18.0,Low,Yes
2022,Rublev A.,Mager G.,6,65.0,RUS,2014,68,188,Right,POL,2015.0,81.0,96.0,Right,Yes,-59.0,Medium,Yes
2022,Dimitrov G.,Lehecka J.,28,142.0,BUL,2008,80,191,Right,,,,,,Yes,-114.0,High,
2022,Johnson S.,Thompson J.,104,73.0,USA,2012,86,188,Right,AUS,2013.0,73.0,183.0,Right,No,31.0,Medium,Yes
2022,Sinner J.,Sousa J.,10,140.0,ITA,2018,76,188,Right,POR,2008.0,74.0,185.0,Right,Yes,-130.0,High,Yes
2022,Paire B.,Monteiro T.,56,79.0,FRA,2007,80,196,Right,BRA,2011.0,78.0,183.0,Left,Yes,-23.0,Low,No
2022,Cressy M.,Isner J.,70,25.0,USA,2019,91,198,Right,USA,2007.0,108.0,208.0,Right,No,45.0,Medium,Yes
2022,Medvedev D.,Laaksonen H.,2,91.0,RUS,2014,81,198,Right,SUI,2009.0,78.0,185.0,Right,Yes,-89.0,High,Yes
2022,Murray A.,Basilashvili N.,113,23.0,GBR,2005,84,191,Right,GEO,2008.0,79.0,185.0,Right,No,90.0,High,Yes
2022,Auger-Aliassime F.,Ruusuvuori E.,9,90.0,CAN,2016,84,188,Right,FIN,2018.0,79.0,188.0,Right,Yes,-81.0,High,Yes
2022,Machac T.,Cerundolo J.M.,132,80.0,CZE,2017,74,183,Right,ARG,2018.0,71.0,183.0,Left,No,52.0,Medium,No
2022,Daniel T.,Barrios M.,120,147.0,JPN,2010,76,191,Right,CHI,2019.0,88.0,191.0,Right,Yes,-27.0,Low,Yes
2022,Molcan A.,Safiullin R.,74,149.0,SVK,2018,73,178,Right,RUS,2015.0,75.0,185.0,Right,Yes,-75.0,Medium,Yes
2022,Andujar P.,Dzumhur D.,83,161.0,ESP,2003,76,180,Right,BIH,2011.0,70.0,175.0,Right,Yes,-78.0,High,Yes
2022,Evans D.,Goffin D.,24,45.0,GBR,2006,75,175,Right,BEL,2009.0,68.0,180.0,Right,Yes,-21.0,Low,Yes
2022,Fritz T.,Marterer M.,22,228.0,USA,2015,84,193,Right,GER,2015.0,84.0,191.0,Left,Yes,-206.0,High,No
2022,Davidovich Fokina A.,Bolt A.,50,152.0,ESP,2017,80,183,Right,AUS,2011.0,84.0,183.0,Left,Yes,-102.0,High,No
2022,Baez S.,Ramos-Vinolas A.,88,44.0,ARG,2018,70,70,Right,ESP,2007.0,80.0,188.0,Left,No,44.0,Medium,No
2022,Tiafoe F.,Trungelliti M.,34,198.0,USA,2015,77,188,Right,ARG,2008.0,78.0,180.0,Right,Yes,-164.0,High,Yes
2022,Rinderknech A.,Popyrin A.,48,59.0,FRA,2018,86,196,Right,AUS,2017.0,78.0,196.0,Right,Yes,-11.0,Low,Yes
2022,Majchrzak K.,Seppi A.,107,101.0,POL,2013,78,180,Right,ITA,2002.0,75.0,191.0,Right,No,6.0,Low,Yes
2022,De Minaur A.,Musetti L.,42,60.0,AUS,2015,69,180,Right,ITA,2019.0,78.0,185.0,Right,Yes,-18.0,Low,Yes
2022,Kyrgios N.,Broady L.,115,128.0,AUS,2013,85,193,Right,GBR,2014.0,78.0,183.0,Left,Yes,-13.0,Low,No
2022,Tsitsipas S.,Ymer M.,4,86.0,GRE,2016,83,193,Right,SWE,2015.0,75.0,183.0,Right,Yes,-82.0,High,Yes
2022,Sonego L.,Otte O.,26,96.0,ITA,2013,76,191,Right,GER,2011.0,79.0,183.0,Right,Yes,-70.0,Medium,Yes
2022,Kecmanovic M.,Paul T.,77,41.0,SRB,2017,75,183,Right,USA,2015.0,78.0,185.0,Right,No,36.0,Medium,Yes
2022,Carreno Busta P.,Griekspoor T.,21,62.0,ESP,2009,78,188,Right,NED,2015.0,85.0,188.0,Right,Yes,-41.0,Medium,Yes
2022,Opelka R.,Koepfer D.,29,53.0,USA,2015,100,211,Right,GER,2016.0,79.0,180.0,Left,Yes,-24.0,Low,No
2022,Korda S.,Moutet C.,43,100.0,USA,2018,77,196,Right,FRA,2016.0,71.0,175.0,Left,Yes,-57.0,Medium,No
2022,Shapovalov D.,Kwon S.W.,14,54.0,CAN,2016,76,183,Left,KOR,2015.0,72.0,180.0,Right,Yes,-40.0,Medium,No
2022,Nadal R.,Hanfmann Y.,5,126.0,ESP,2001,85,185,Left,GER,2015.0,84.0,193.0,Right,Yes,-121.0,High,No
2022,Alcaraz C.,Lajovic D.,31,39.0,ESP,2018,72,185,Right,SRB,2007.0,78.0,183.0,Right,Yes,-8.0,Low,Yes
2022,Berrettini M.,Kozlov S.,7,169.0,ITA,2015,95,196,Right,USA,2013.0,79.0,183.0,Right,Yes,-162.0,High,Yes
2022,Garin C.,Martinez P.,19,61.0,CHI,2013,85,185,Right,ESP,2016.0,76.0,185.0,Right,Yes,-42.0,Medium,Yes
2022,Albot R.,Vukic A.,124,144.0,MDA,2008,69,175,Right,AUS,2018.0,85.0,188.0,Right,Yes,-20.0,Low,Yes
2022,Mannarino A.,Hurkacz H.,69,11.0,FRA,2004,70,180,Left,ITA,2013.0,77.0,188.0,Right,No,58.0,Medium,No
2022,Khachanov K.,Bonzi B.,30,63.0,RUS,2013,88,198,Right,FRA,2015.0,82.0,183.0,Right,Yes,-33.0,Medium,Yes
2022,Karatsev A.,Mcdonald M.,15,55.0,RUS,2011,85,185,Right,USA,2016.0,73.0,178.0,Right,Yes,-40.0,Medium,Yes
2022,Zverev A.,Millman J.,3,89.0,GER,2013,86,198,Right,AUS,2006.0,79.0,183.0,Right,Yes,-86.0,High,Yes
2022,Monfils G.,Bublik A.,20,37.0,FRA,2004,80,193,Right,KAZ,2014.0,76.0,196.0,Right,Yes,-17.0,Low,Yes
2022,Cilic M.,Gombos N.,27,117.0,CRO,2005,89,198,Right,SVK,2009.0,85.0,196.0,Right,Yes,-90.0,High,Yes
2022,O Connell C.,Schwartzman D.,175,13.0,AUS,2011,78,183,Right,ARG,2010.0,64.0,170.0,Right,No,162.0,High,Yes
2022,Cressy M.,Machac T.,70,132.0,USA,2019,91,198,Right,CZE,2017.0,74.0,183.0,Right,Yes,-62.0,Medium,Yes
2022,Rublev A.,Berankis R.,6,93.0,RUS,2014,68,188,Right,LTU,2007.0,70.0,175.0,Right,Yes,-87.0,High,Yes
2022,Evans D.,Rinderknech A.,24,48.0,GBR,2006,75,175,Right,FRA,2018.0,86.0,196.0,Right,Yes,-24.0,Low,Yes
2022,Andujar P.,Molcan A.,83,74.0,ESP,2003,76,180,Right,SVK,2018.0,73.0,178.0,Right,No,9.0,Low,Yes
2022,Fritz T.,Tiafoe F.,22,34.0,USA,2015,84,193,Right,USA,2015.0,77.0,188.0,Right,Yes,-12.0,Low,Yes
2022,Bautista Agut R.,Kohlschreiber P.,18,134.0,ESP,2005,76,183,Right,GER,2001.0,70.0,178.0,Right,Yes,-116.0,High,Yes
2022,Auger-Aliassime F.,Davidovich Fokina A.,9,50.0,CAN,2016,84,188,Right,ESP,2017.0,80.0,183.0,Right,Yes,-41.0,Medium,Yes
2022,De Minaur A.,Majchrzak K.,42,107.0,AUS,2015,69,180,Right,POL,2013.0,78.0,180.0,Right,Yes,-65.0,Medium,Yes
2022,Tsitsipas S.,Baez S.,4,88.0,GRE,2016,83,193,Right,ARG,2018.0,70.0,70.0,Right,Yes,-84.0,High,Yes
2022,Paire B.,Dimitrov G.,56,28.0,FRA,2007,80,196,Right,BUL,2008.0,80.0,191.0,Right,No,28.0,Low,Yes
2022,Daniel T.,Murray A.,120,113.0,JPN,2010,76,191,Right,GBR,2005.0,84.0,191.0,Right,No,7.0,Low,Yes
2022,Van De Zandschulp B.,Gasquet R.,57,81.0,NED,2018,83,188,Right,FRA,2002.0,75.0,185.0,Right,Yes,-24.0,Low,Yes
2022,Medvedev D.,Kyrgios N.,2,115.0,RUS,2014,81,198,Right,AUS,2013.0,85.0,193.0,Right,Yes,-113.0,High,Yes
2022,Sinner J.,Johnson S.,10,104.0,ITA,2018,76,188,Right,USA,2012.0,86.0,188.0,Right,Yes,-94.0,High,Yes
2022,Kecmanovic M.,Sonego L.,77,26.0,SRB,2017,75,183,Right,ITA,2013.0,76.0,191.0,Right,No,51.0,Medium,Yes
2022,Monfils G.,Garin C.,20,19.0,FRA,2004,80,193,Right,CHI,2013.0,85.0,185.0,Right,No,1.0,Low,Yes
2022,Berrettini M.,Alcaraz C.,7,31.0,ITA,2015,95,196,Right,ESP,2018.0,72.0,185.0,Right,Yes,-24.0,Low,Yes
2022,Shapovalov D.,Opelka R.,14,29.0,CAN,2016,76,183,Left,USA,2015.0,100.0,211.0,Right,Yes,-15.0,Low,No
2022,Carreno Busta P.,Korda S.,21,43.0,ESP,2009,78,188,Right,USA,2018.0,77.0,196.0,Right,Yes,-22.0,Low,Yes
2022,Zverev A.,Albot R.,3,124.0,GER,2013,86,198,Right,MDA,2008.0,69.0,175.0,Right,Yes,-121.0,High,Yes
2022,Nadal R.,Khachanov K.,5,30.0,ESP,2001,85,185,Left,RUS,2013.0,88.0,198.0,Right,Yes,-25.0,Low,No
2022,Mannarino A.,Karatsev A.,69,15.0,FRA,2004,70,180,Left,RUS,2011.0,85.0,185.0,Right,No,54.0,Medium,No
2022,Fritz T.,Bautista Agut R.,22,18.0,USA,2015,84,193,Right,ESP,2005.0,76.0,183.0,Right,No,4.0,Low,Yes
2022,Tsitsipas S.,Paire B.,4,56.0,GRE,2016,83,193,Right,FRA,2007.0,80.0,196.0,Right,Yes,-52.0,Medium,Yes
2022,Cressy M.,O Connell C.,70,175.0,USA,2019,91,198,Right,AUS,2011.0,78.0,183.0,Right,Yes,-105.0,High,Yes
2022,Medvedev D.,Van De Zandschulp B.,2,57.0,RUS,2014,81,198,Right,NED,2018.0,83.0,188.0,Right,Yes,-55.0,Medium,Yes
2022,Auger-Aliassime F.,Evans D.,9,24.0,CAN,2016,84,188,Right,GBR,2006.0,75.0,175.0,Right,Yes,-15.0,Low,Yes
2022,Sinner J.,Daniel T.,10,120.0,ITA,2018,76,188,Right,JPN,2010.0,76.0,191.0,Right,Yes,-110.0,High,Yes
2022,De Minaur A.,Andujar P.,42,83.0,AUS,2015,69,180,Right,ESP,2003.0,76.0,180.0,Right,Yes,-41.0,Medium,Yes
2022,Cilic M.,Rublev A.,27,6.0,CRO,2005,89,198,Right,RUS,2014.0,68.0,188.0,Right,No,21.0,Low,Yes
2022,Nadal R.,Mannarino A.,5,69.0,ESP,2001,85,185,Left,FRA,2004.0,70.0,180.0,Left,Yes,-64.0,Medium,Yes
2022,Shapovalov D.,Zverev A.,14,3.0,CAN,2016,76,183,Left,GER,2013.0,86.0,198.0,Right,No,11.0,Low,No
2022,Monfils G.,Kecmanovic M.,20,77.0,FRA,2004,80,193,Right,SRB,2017.0,75.0,183.0,Right,Yes,-57.0,Medium,Yes
2022,Berrettini M.,Carreno Busta P.,7,21.0,ITA,2015,95,196,Right,ESP,2009.0,78.0,188.0,Right,Yes,-14.0,Low,Yes
2022,Auger-Aliassime F.,Cilic M.,9,27.0,CAN,2016,84,188,Right,CRO,2005.0,89.0,198.0,Right,Yes,-18.0,Low,Yes
2022,Medvedev D.,Cressy M.,2,70.0,RUS,2014,81,198,Right,USA,2019.0,91.0,198.0,Right,Yes,-68.0,Medium,Yes
2022,Sinner J.,De Minaur A.,10,42.0,ITA,2018,76,188,Right,AUS,2015.0,69.0,180.0,Right,Yes,-32.0,Medium,Yes
2022,Tsitsipas S.,Fritz T.,4,22.0,GRE,2016,83,193,Right,USA,2015.0,84.0,193.0,Right,Yes,-18.0,Low,Yes
2022,Nadal R.,Shapovalov D.,5,14.0,ESP,2001,85,185,Left,CAN,2016.0,76.0,183.0,Left,Yes,-9.0,Low,Yes
2022,Berrettini M.,Monfils G.,7,20.0,ITA,2015,95,196,Right,FRA,2004.0,80.0,193.0,Right,Yes,-13.0,Low,Yes
2022,Tsitsipas S.,Sinner J.,4,10.0,GRE,2016,83,193,Right,ITA,2018.0,76.0,188.0,Right,Yes,-6.0,Low,Yes
2022,Medvedev D.,Auger-Aliassime F.,2,9.0,RUS,2014,81,198,Right,CAN,2016.0,84.0,188.0,Right,Yes,-7.0,Low,Yes
2022,Nadal R.,Berrettini M.,5,7.0,ESP,2001,85,185,Left,ITA,2015.0,95.0,196.0,Right,Yes,-2.0,Low,No
2022,Medvedev D.,Tsitsipas S.,2,4.0,RUS,2014,81,198,Right,GRE,2016.0,83.0,193.0,Right,Yes,-2.0,Low,Yes
2022,Nadal R.,Medvedev D.,5,2.0,ESP,2001,85,185,Left,RUS,2014.0,81.0,198.0,Right,No,3.0,Low,No
2021,Raonic M.,Coria F.,14,92.0,CAN,2008,98,196,Right,ARG,2010.0,73.0,180.0,Right,Yes,-78.0,High,Yes
2021,Mannarino A.,Novak D.,36,98.0,FRA,2004,70,180,Left,AUT,2011.0,80.0,183.0,Right,Yes,-62.0,Medium,No
2021,Ruusuvuori E.,Monfils G.,86,11.0,FIN,2018,79,188,Right,FRA,2004.0,80.0,193.0,Right,No,75.0,Medium,Yes
2021,Moutet C.,Millman J.,71,39.0,FRA,2016,71,175,Left,AUS,2006.0,79.0,183.0,Right,No,32.0,Medium,No
2021,Opelka R.,Lu Y.,38,1009.0,USA,2015,100,211,Right,TPE,2001.0,74.0,180.0,Right,Yes,-971.0,High,Yes
2021,Wawrinka S.,Sousa P.,18,107.0,SUI,2002,81,183,Right,POR,2007.0,70.0,178.0,Right,Yes,-89.0,High,Yes
2021,Bolt A.,Gombos N.,166,89.0,AUS,2011,84,183,Left,SVK,2009.0,85.0,196.0,Right,No,77.0,High,No
2021,Martinez P.,Nishioka Y.,87,58.0,ESP,2016,76,185,Right,JPN,2014.0,64.0,170.0,Left,No,29.0,Low,No
2021,Fritz T.,Ramos-Vinolas A.,31,46.0,USA,2015,84,193,Right,ESP,2007.0,80.0,188.0,Left,Yes,-15.0,Low,No
2021,Fucsovics M.,Polmans M.,55,126.0,HUN,2010,82,188,Right,AUS,2015.0,77.0,188.0,Right,Yes,-71.0,Medium,Yes
2021,Thiem D.,Kukushkin M.,3,90.0,AUT,2011,82,185,Right,KAZ,2006.0,72.0,183.0,Right,Yes,-87.0,High,Yes
2021,Karatsev A.,Mager G.,114,96.0,RUS,2011,85,185,Right,POL,2015.0,81.0,96.0,Right,No,18.0,Low,Yes
2021,Kecmanovic M.,Majchrzak K.,41,109.0,SRB,2017,75,183,Right,POL,2013.0,78.0,180.0,Right,Yes,-68.0,Medium,Yes
2021,Zverev A.,Giron M.,7,75.0,GER,2013,86,198,Right,USA,2014.0,77.0,180.0,Right,Yes,-68.0,Medium,Yes
2021,Bublik A.,Bedene A.,45,57.0,KAZ,2014,76,196,Right,GBR,2008.0,72.0,183.0,Right,Yes,-12.0,Low,Yes
2021,Gerasimov E.,Paire B.,79,29.0,BLR,2010,84,183,Right,FRA,2007.0,80.0,196.0,Right,No,50.0,Medium,Yes
2021,Duckworth J.,Dzumhur D.,105,120.0,AUS,2010,82,183,Right,BIH,2011.0,70.0,175.0,Right,Yes,-15.0,Low,Yes
2021,Vesely J.,Coppejans K.,68,178.0,CZE,2009,92,198,Left,,,,,,Yes,-110.0,High,
2021,Humbert U.,Uchiyama Y.,34,106.0,FRA,2016,73,188,Left,JPN,2011.0,78.0,183.0,Right,Yes,-72.0,Medium,No
2021,Muller A.,Londero J.I.,210,83.0,FRA,2014,75,183,Right,ARG,2010.0,70.0,180.0,Right,No,127.0,High,Yes
2021,Carreno Busta P.,Nishikori K.,16,42.0,ESP,2009,78,188,Right,JPN,2007.0,75.0,178.0,Right,Yes,-26.0,Low,Yes
2021,Tiafoe F.,Travaglia S.,64,60.0,USA,2015,77,188,Right,ITA,2008.0,80.0,185.0,Right,No,4.0,Low,Yes
2021,Dimitrov G.,Cilic M.,21,43.0,BUL,2008,80,191,Right,CRO,2005.0,89.0,198.0,Right,Yes,-22.0,Low,Yes
2021,Koepfer D.,Dellien H.,70,112.0,GER,2016,79,180,Left,BOL,2009.0,75.0,180.0,Right,Yes,-42.0,Medium,No
2021,Lajovic D.,Stakhovsky S.,27,200.0,SRB,2007,78,183,Right,UKR,2003.0,80.0,193.0,Right,Yes,-173.0,High,Yes
2021,Auger-Aliassime F.,Stebe C.M.,19,129.0,CAN,2016,84,188,Right,GER,2010.0,70.0,183.0,Left,Yes,-110.0,High,No
2021,Schwartzman D.,Ymer E.,9,205.0,ARG,2010,64,170,Right,SWE,2014.0,78.0,183.0,Right,Yes,-196.0,High,Yes
2021,Tomic B.,Sugita Y.,233,104.0,AUS,2008,91,196,Right,JPN,2006.0,70.0,175.0,Right,No,129.0,High,Yes
2021,Kyrgios N.,Ferreira Silva F.,47,185.0,AUS,2013,85,193,Right,,,,,,Yes,-138.0,High,
2021,Cressy M.,Daniel T.,172,118.0,USA,2019,91,198,Right,JPN,2010.0,76.0,191.0,Right,No,54.0,Medium,Yes
2021,Djokovic N.,Chardy J.,1,61.0,SRB,2003,77,188,Right,FRA,2005.0,75.0,188.0,Right,Yes,-60.0,Medium,Yes
2021,Shapovalov D.,Sinner J.,12,32.0,CAN,2016,76,183,Left,ITA,2018.0,76.0,188.0,Right,Yes,-20.0,Low,No
2021,Harris L.,Torpegaard M.,91,188.0,RSA,2015,80,193,Right,DEN,2018.0,84.0,193.0,Right,Yes,-97.0,High,Yes
2021,Mcdonald M.,Cecchinato M.,192,82.0,USA,2016,73,178,Right,ITA,2010.0,78.0,185.0,Right,No,110.0,High,Yes
2021,Monteiro T.,Martin A.,74,103.0,BRA,2011,78,183,Left,ESP,1995.0,73.0,175.0,Right,Yes,-29.0,Low,No
2021,O Connell C.,Struff J.L.,121,37.0,AUS,2011,78,183,Right,GER,2009.0,87.0,196.0,Right,No,84.0,High,Yes
2021,Coric B.,Pella G.,25,44.0,CRO,2013,79,185,Right,ARG,2007.0,83.0,185.0,Left,Yes,-19.0,Low,No
2021,Alcaraz C.,Van De Zandschulp B.,141,151.0,ESP,2018,72,185,Right,NED,2018.0,83.0,188.0,Right,Yes,-10.0,Low,Yes
2021,Ymer M.,Hurkacz H.,95,30.0,SWE,2015,75,183,Right,ITA,2013.0,77.0,188.0,Right,No,65.0,Medium,Yes
2021,Rublev A.,Hanfmann Y.,8,102.0,RUS,2014,68,188,Right,GER,2015.0,84.0,193.0,Right,Yes,-94.0,High,Yes
2021,Popyrin A.,Goffin D.,113,15.0,AUS,2017,78,196,Right,BEL,2009.0,68.0,180.0,Right,No,98.0,High,Yes
2021,Khachanov K.,Vukic A.,20,196.0,RUS,2013,88,198,Right,AUS,2018.0,85.0,188.0,Right,Yes,-176.0,High,Yes
2021,Albot R.,Bautista Agut R.,85,13.0,MDA,2008,69,175,Right,ESP,2005.0,76.0,183.0,Right,No,72.0,Medium,Yes
2021,Cuevas P.,Seppi A.,72,108.0,URU,2004,80,180,Right,ITA,2002.0,75.0,191.0,Right,Yes,-36.0,Medium,Yes
2021,Krajinovic F.,Haase R.,33,197.0,SRB,2008,75,185,Right,NED,2005.0,71.0,191.0,Right,Yes,-164.0,High,Yes
2021,Andujar P.,Halys Q.,59,207.0,ESP,2003,76,180,Right,FRA,2012.0,78.0,191.0,Right,Yes,-148.0,High,Yes
2021,Berankis R.,Nagal S.,73,144.0,LTU,2007,70,175,Right,IND,2015.0,69.0,178.0,Right,Yes,-71.0,Medium,Yes
2021,Medvedev D.,Pospisil V.,4,63.0,RUS,2014,81,198,Right,CAN,2007.0,84.0,193.0,Right,Yes,-59.0,Medium,Yes
2021,Lopez F.,Tu L.,65,,ESP,1997,73,185,Left,,,,,,,,,
2021,Sonego L.,Querrey S.,35,52.0,ITA,2013,76,191,Right,USA,2006.0,95.0,198.0,Right,Yes,-17.0,Low,Yes
2021,Paul T.,Basilashvili N.,53,40.0,USA,2015,78,185,Right,GEO,2008.0,79.0,185.0,Right,No,13.0,Low,Yes
2021,Nadal R.,Djere L.,2,56.0,ESP,2001,85,185,Left,SRB,2013.0,80.0,185.0,Right,Yes,-54.0,Medium,No
2021,Caruso S.,Laaksonen H.,78,139.0,ITA,2010,80,185,Right,SUI,2009.0,78.0,185.0,Right,Yes,-61.0,Medium,Yes
2021,Mmoh M.,Troicki V.,177,202.0,USA,2016,85,185,Right,SRB,2006.0,86.0,193.0,Right,Yes,-25.0,Low,Yes
2021,De Minaur A.,Sandgren T.,23,51.0,AUS,2015,69,180,Right,USA,2011.0,87.0,188.0,Right,Yes,-28.0,Low,Yes
2021,Carballes Baena R.,Balazs A.,99,94.0,ESP,2011,76,180,Right,HUN,2006.0,78.0,180.0,Right,No,5.0,Low,Yes
2021,Norrie C.,Evans D.,69,26.0,GBR,2017,80,188,Left,GBR,2006.0,75.0,175.0,Right,No,43.0,Medium,No
2021,Machac T.,Vilella Martinez M.,199,181.0,CZE,2017,74,183,Right,ESP,2013.0,74.0,178.0,Right,No,18.0,Low,Yes
2021,Fognini F.,Herbert P.H.,17,84.0,ITA,2004,74,178,Right,FRA,2010.0,79.0,188.0,Right,Yes,-67.0,Medium,Yes
2021,Ruud C.,Thompson J.,28,49.0,NOR,2015,77,183,Right,AUS,2013.0,73.0,183.0,Right,Yes,-21.0,Low,Yes
2021,Kokkinakis T.,Kwon S.W.,267,97.0,AUS,2013,82,196,Right,KOR,2015.0,72.0,180.0,Right,No,170.0,High,Yes
2021,Berrettini M.,Anderson K.,10,81.0,ITA,2015,95,196,Right,RSA,2007.0,93.0,203.0,Right,Yes,-71.0,Medium,Yes
2021,Safiullin R.,Ivashka I.,183,110.0,RUS,2015,75,185,Right,BLR,2013.0,83.0,196.0,Right,No,73.0,Medium,Yes
2021,Tsitsipas S.,Simon G.,6,66.0,GRE,2016,83,193,Right,FRA,2002.0,70.0,183.0,Right,Yes,-60.0,Medium,Yes
2021,Karatsev A.,Gerasimov E.,114,79.0,RUS,2011,85,185,Right,BLR,2010.0,84.0,183.0,Right,No,35.0,Medium,Yes
2021,Fucsovics M.,Wawrinka S.,55,18.0,HUN,2010,82,188,Right,SUI,2002.0,81.0,183.0,Right,No,37.0,Medium,Yes
2021,Martinez P.,Ruusuvuori E.,87,86.0,ESP,2016,76,185,Right,FIN,2018.0,79.0,188.0,Right,No,1.0,Low,Yes
2021,Auger-Aliassime F.,Duckworth J.,19,105.0,CAN,2016,84,188,Right,AUS,2010.0,82.0,183.0,Right,Yes,-86.0,High,Yes
2021,Schwartzman D.,Muller A.,9,210.0,ARG,2010,64,170,Right,FRA,2014.0,75.0,183.0,Right,Yes,-201.0,High,Yes
2021,Raonic M.,Moutet C.,14,71.0,CAN,2008,98,196,Right,FRA,2016.0,71.0,175.0,Left,Yes,-57.0,Medium,No
2021,Djokovic N.,Tiafoe F.,1,64.0,SRB,2003,77,188,Right,USA,2015.0,77.0,188.0,Right,Yes,-63.0,Medium,Yes
2021,Thiem D.,Koepfer D.,3,70.0,AUT,2011,82,185,Right,GER,2016.0,79.0,180.0,Left,Yes,-67.0,Medium,No
2021,Lajovic D.,Bublik A.,27,45.0,SRB,2007,78,183,Right,KAZ,2014.0,76.0,196.0,Right,Yes,-18.0,Low,Yes
2021,Fritz T.,Opelka R.,31,38.0,USA,2015,84,193,Right,USA,2015.0,100.0,211.0,Right,Yes,-7.0,Low,Yes
2021,Shapovalov D.,Tomic B.,12,233.0,CAN,2016,76,183,Left,AUS,2008.0,91.0,196.0,Right,Yes,-221.0,High,No
2021,Mannarino A.,Kecmanovic M.,36,41.0,FRA,2004,70,180,Left,SRB,2017.0,75.0,183.0,Right,Yes,-5.0,Low,No
2021,Carreno Busta P.,Vesely J.,16,68.0,ESP,2009,78,188,Right,CZE,2009.0,92.0,198.0,Left,Yes,-52.0,Medium,No
2021,Kyrgios N.,Humbert U.,47,34.0,AUS,2013,85,193,Right,FRA,2016.0,73.0,188.0,Left,No,13.0,Low,No
2021,Zverev A.,Cressy M.,7,172.0,GER,2013,86,198,Right,USA,2019.0,91.0,198.0,Right,Yes,-165.0,High,Yes
2021,Dimitrov G.,Bolt A.,21,166.0,BUL,2008,80,191,Right,AUS,2011.0,84.0,183.0,Left,Yes,-145.0,High,No
2021,Lopez F.,Sonego L.,65,35.0,ESP,1997,73,185,Left,ITA,2013.0,76.0,191.0,Right,No,30.0,Low,No
2021,Rublev A.,Monteiro T.,8,74.0,RUS,2014,68,188,Right,BRA,2011.0,78.0,183.0,Left,Yes,-66.0,Medium,No
2021,Harris L.,Popyrin A.,91,113.0,RSA,2015,80,193,Right,AUS,2017.0,78.0,196.0,Right,Yes,-22.0,Low,Yes
2021,Ymer M.,Alcaraz C.,95,141.0,SWE,2015,75,183,Right,ESP,2018.0,72.0,185.0,Right,Yes,-46.0,Medium,Yes
2021,Ruud C.,Paul T.,28,53.0,NOR,2015,77,183,Right,USA,2015.0,78.0,185.0,Right,Yes,-25.0,Low,Yes
2021,Khachanov K.,Berankis R.,20,73.0,RUS,2013,88,198,Right,LTU,2007.0,70.0,175.0,Right,Yes,-53.0,Medium,Yes
2021,Krajinovic F.,Andujar P.,33,59.0,SRB,2008,75,185,Right,ESP,2003.0,76.0,180.0,Right,Yes,-26.0,Low,Yes
2021,Tsitsipas S.,Kokkinakis T.,6,267.0,GRE,2016,83,193,Right,AUS,2013.0,82.0,196.0,Right,Yes,-261.0,High,Yes
2021,Berrettini M.,Machac T.,10,199.0,ITA,2015,95,196,Right,CZE,2017.0,74.0,183.0,Right,Yes,-189.0,High,Yes
2021,Mcdonald M.,Coric B.,192,25.0,USA,2016,73,178,Right,CRO,2013.0,79.0,185.0,Right,No,167.0,High,Yes
2021,Albot R.,O Connell C.,85,121.0,MDA,2008,69,175,Right,AUS,2011.0,78.0,183.0,Right,Yes,-36.0,Medium,Yes
2021,Fognini F.,Caruso S.,17,78.0,ITA,2004,74,178,Right,ITA,2010.0,80.0,185.0,Right,Yes,-61.0,Medium,Yes
2021,Norrie C.,Safiullin R.,69,183.0,GBR,2017,80,188,Left,RUS,2015.0,75.0,185.0,Right,Yes,-114.0,High,No
2021,De Minaur A.,Cuevas P.,23,72.0,AUS,2015,69,180,Right,URU,2004.0,80.0,180.0,Right,Yes,-49.0,Medium,Yes
2021,Medvedev D.,Carballes Baena R.,4,99.0,RUS,2014,81,198,Right,ESP,2011.0,76.0,180.0,Right,Yes,-95.0,High,Yes
2021,Nadal R.,Mmoh M.,2,177.0,ESP,2001,85,185,Left,USA,2016.0,85.0,185.0,Right,Yes,-175.0,High,No
2021,Dimitrov G.,Carreno Busta P.,21,16.0,BUL,2008,80,191,Right,ESP,2009.0,78.0,188.0,Right,No,5.0,Low,Yes
2021,Zverev A.,Mannarino A.,7,36.0,GER,2013,86,198,Right,FRA,2004.0,70.0,180.0,Left,Yes,-29.0,Low,No
2021,Lajovic D.,Martinez P.,27,87.0,SRB,2007,78,183,Right,ESP,2016.0,76.0,185.0,Right,Yes,-60.0,Medium,Yes
2021,Karatsev A.,Schwartzman D.,114,9.0,RUS,2011,85,185,Right,ARG,2010.0,64.0,170.0,Right,No,105.0,High,Yes
2021,Raonic M.,Fucsovics M.,14,55.0,CAN,2008,98,196,Right,HUN,2010.0,82.0,188.0,Right,Yes,-41.0,Medium,Yes
2021,Auger-Aliassime F.,Shapovalov D.,19,12.0,CAN,2016,84,188,Right,CAN,2016.0,76.0,183.0,Left,No,7.0,Low,No
2021,Thiem D.,Kyrgios N.,3,47.0,AUT,2011,82,185,Right,AUS,2013.0,85.0,193.0,Right,Yes,-44.0,Medium,Yes
2021,Djokovic N.,Fritz T.,1,31.0,SRB,2003,77,188,Right,USA,2015.0,84.0,193.0,Right,Yes,-30.0,Low,Yes
2021,Ruud C.,Albot R.,28,85.0,NOR,2015,77,183,Right,MDA,2008.0,69.0,175.0,Right,Yes,-57.0,Medium,Yes
2021,Mcdonald M.,Harris L.,192,91.0,USA,2016,73,178,Right,RSA,2015.0,80.0,193.0,Right,No,101.0,High,Yes
2021,Medvedev D.,Krajinovic F.,4,33.0,RUS,2014,81,198,Right,SRB,2008.0,75.0,185.0,Right,Yes,-29.0,Low,Yes
2021,Tsitsipas S.,Ymer M.,6,95.0,GRE,2016,83,193,Right,SWE,2015.0,75.0,183.0,Right,Yes,-89.0,High,Yes
2021,Rublev A.,Lopez F.,8,65.0,RUS,2014,68,188,Right,ESP,1997.0,73.0,185.0,Left,Yes,-57.0,Medium,No
2021,Berrettini M.,Khachanov K.,10,20.0,ITA,2015,95,196,Right,RUS,2013.0,88.0,198.0,Right,Yes,-10.0,Low,Yes
2021,Fognini F.,De Minaur A.,17,23.0,ITA,2004,74,178,Right,AUS,2015.0,69.0,180.0,Right,Yes,-6.0,Low,Yes
2021,Nadal R.,Norrie C.,2,69.0,ESP,2001,85,185,Left,GBR,2017.0,80.0,188.0,Left,Yes,-67.0,Medium,Yes
2021,Karatsev A.,Auger-Aliassime F.,114,19.0,RUS,2011,85,185,Right,CAN,2016.0,84.0,188.0,Right,No,95.0,High,Yes
2021,Dimitrov G.,Thiem D.,21,3.0,BUL,2008,80,191,Right,AUT,2011.0,82.0,185.0,Right,No,18.0,Low,Yes
2021,Zverev A.,Lajovic D.,7,27.0,GER,2013,86,198,Right,SRB,2007.0,78.0,183.0,Right,Yes,-20.0,Low,Yes
2021,Djokovic N.,Raonic M.,1,14.0,SRB,2003,77,188,Right,CAN,2008.0,98.0,196.0,Right,Yes,-13.0,Low,Yes
2021,Medvedev D.,Mcdonald M.,4,192.0,RUS,2014,81,198,Right,USA,2016.0,73.0,178.0,Right,Yes,-188.0,High,Yes
2021,Rublev A.,Ruud C.,8,28.0,RUS,2014,68,188,Right,NOR,2015.0,77.0,183.0,Right,Yes,-20.0,Low,Yes
2021,Nadal R.,Fognini F.,2,17.0,ESP,2001,85,185,Left,ITA,2004.0,74.0,178.0,Right,Yes,-15.0,Low,No
2021,Tsitsipas S.,Berrettini M.,6,10.0,GRE,2016,83,193,Right,ITA,2015.0,95.0,196.0,Right,Yes,-4.0,Low,Yes
2021,Karatsev A.,Dimitrov G.,114,21.0,RUS,2011,85,185,Right,BUL,2008.0,80.0,191.0,Right,No,93.0,High,Yes
2021,Djokovic N.,Zverev A.,1,7.0,SRB,2003,77,188,Right,GER,2013.0,86.0,198.0,Right,Yes,-6.0,Low,Yes
2021,Medvedev D.,Rublev A.,4,8.0,RUS,2014,81,198,Right,RUS,2014.0,68.0,188.0,Right,Yes,-4.0,Low,Yes
2021,Tsitsipas S.,Nadal R.,6,2.0,GRE,2016,83,193,Right,ESP,2001.0,85.0,185.0,Left,No,4.0,Low,No
2021,Djokovic N.,Karatsev A.,1,114.0,SRB,2003,77,188,Right,RUS,2011.0,85.0,185.0,Right,Yes,-113.0,High,Yes
2021,Medvedev D.,Tsitsipas S.,4,6.0,RUS,2014,81,198,Right,GRE,2016.0,83.0,193.0,Right,Yes,-2.0,Low,Yes
2021,Djokovic N.,Medvedev D.,1,4.0,SRB,2003,77,188,Right,RUS,2014.0,81.0,198.0,Right,Yes,-3.0,Low,Yes
2020,Berrettini M.,Harris A.,8,162.0,ITA,2015,95,196,Right,AUS,2011.0,81.0,183.0,Right,Yes,-154.0,High,Yes
2020,Berankis R.,Carballes Baena R.,69,83.0,LTU,2007,70,175,Right,ESP,2011.0,76.0,180.0,Right,Yes,-14.0,Low,Yes
2020,Evans D.,Mcdonald M.,32,129.0,GBR,2006,75,175,Right,USA,2016.0,73.0,178.0,Right,Yes,-97.0,High,Yes
2020,Nishioka Y.,Djere L.,71,40.0,JPN,2014,64,170,Left,SRB,2013.0,80.0,185.0,Right,No,31.0,Medium,No
2020,Pella G.,Smith J.P.,25,308.0,ARG,2007,83,185,Left,AUS,2012.0,84.0,188.0,Left,Yes,-283.0,High,Yes
2020,Querrey S.,Coric B.,45,28.0,USA,2006,95,198,Right,CRO,2013.0,79.0,185.0,Right,No,17.0,Low,Yes
2020,Barrere G.,Safwat M.,84,173.0,FRA,2021,80,183,Right,EGY,2003.0,83.0,180.0,Right,Yes,-89.0,High,Yes
2020,Fucsovics M.,Shapovalov D.,67,13.0,HUN,2010,82,188,Right,CAN,2016.0,76.0,183.0,Left,No,54.0,Medium,No
2020,Federer R.,Johnson S.,3,75.0,SUI,1998,85,185,Right,USA,2012.0,86.0,188.0,Right,Yes,-72.0,Medium,Yes
2020,Dimitrov G.,Londero J.I.,20,52.0,BUL,2008,80,191,Right,ARG,2010.0,70.0,180.0,Right,Yes,-32.0,Medium,Yes
2020,Tsitsipas S.,Caruso S.,6,95.0,GRE,2016,83,193,Right,ITA,2010.0,80.0,185.0,Right,Yes,-89.0,High,Yes
2020,Kohlschreiber P.,Giron M.,79,107.0,GER,2001,70,178,Right,USA,2014.0,77.0,180.0,Right,Yes,-28.0,Low,Yes
2020,Djokovic N.,Struff J.L.,2,37.0,SRB,2003,77,188,Right,GER,2009.0,87.0,196.0,Right,Yes,-35.0,Medium,Yes
2020,Cilic M.,Moutet C.,39,70.0,CRO,2005,89,198,Right,FRA,2016.0,71.0,175.0,Left,Yes,-31.0,Medium,No
2020,Davidovich Fokina A.,Gombos N.,88,113.0,ESP,2017,80,183,Right,SVK,2009.0,85.0,196.0,Right,Yes,-25.0,Low,Yes
2020,Hurkacz H.,Novak D.,31,99.0,ITA,2013,77,188,Right,AUT,2011.0,80.0,183.0,Right,Yes,-68.0,Medium,Yes
2020,Ito T.,Gunneswaran P.,146,123.0,JPN,2006,75,180,Right,IND,2010.0,80.0,188.0,Left,No,23.0,Low,No
2020,Millman J.,Humbert U.,47,43.0,AUS,2006,79,183,Right,FRA,2016.0,73.0,188.0,Left,No,4.0,Low,No
2020,Paire B.,Stebe C.M.,21,154.0,FRA,2007,80,196,Right,GER,2010.0,70.0,183.0,Left,Yes,-133.0,High,No
2020,Schwartzman D.,Harris L.,14,72.0,ARG,2010,64,170,Right,RSA,2015.0,80.0,193.0,Right,Yes,-58.0,Medium,Yes
2020,Bautista Agut R.,Lopez F.,9,57.0,ESP,2005,76,183,Right,ESP,1997.0,73.0,185.0,Left,Yes,-48.0,Medium,No
2020,Fognini F.,Opelka R.,12,38.0,ITA,2004,74,178,Right,USA,2015.0,100.0,211.0,Right,Yes,-26.0,Low,Yes
2020,Sinner J.,Purcell M.,82,216.0,ITA,2018,76,188,Right,AUS,2016.0,75.0,185.0,Right,Yes,-134.0,High,Yes
2020,Lajovic D.,Edmund K.,27,65.0,SRB,2007,78,183,Right,GBR,2012.0,83.0,188.0,Right,Yes,-38.0,Medium,Yes
2020,Polmans M.,Kukushkin M.,133,68.0,AUS,2015,77,188,Right,KAZ,2006.0,72.0,183.0,Right,No,65.0,Medium,Yes
2020,Raonic M.,Giustino L.,35,150.0,CAN,2008,98,196,Right,ITA,2007.0,80.0,183.0,Right,Yes,-115.0,High,Yes
2020,Paul T.,Mayer L.,80,101.0,USA,2015,78,185,Right,ARG,2003.0,80.0,191.0,Right,Yes,-21.0,Low,Yes
2020,Khachanov K.,Vilella Martinez M.,17,196.0,RUS,2013,88,198,Right,ESP,2013.0,74.0,178.0,Right,Yes,-179.0,High,Yes
2020,Thiem D.,Mannarino A.,5,44.0,AUT,2011,82,185,Right,FRA,2004.0,70.0,180.0,Left,Yes,-39.0,Medium,No
2020,Garin C.,Travaglia S.,36,74.0,CHI,2013,85,185,Right,ITA,2008.0,80.0,185.0,Right,Yes,-38.0,Medium,Yes
2020,Sandgren T.,Trungelliti M.,100,202.0,USA,2011,87,188,Right,ARG,2008.0,78.0,180.0,Right,Yes,-102.0,High,Yes
2020,Wawrinka S.,Dzumhur D.,15,92.0,SUI,2002,81,183,Right,BIH,2011.0,70.0,175.0,Right,Yes,-77.0,High,Yes
2020,Gulbis E.,Auger-Aliassime F.,256,22.0,LAT,2004,88,193,Right,CAN,2016.0,84.0,188.0,Right,No,234.0,High,Yes
2020,Krajinovic F.,Halys Q.,41,215.0,SRB,2008,75,185,Right,FRA,2012.0,78.0,191.0,Right,Yes,-174.0,High,Yes
2020,Thompson J.,Bublik A.,66,56.0,AUS,2013,73,183,Right,KAZ,2014.0,76.0,196.0,Right,No,10.0,Low,Yes
2020,Bedene A.,Duckworth J.,55,94.0,GBR,2008,72,183,Right,AUS,2010.0,82.0,183.0,Right,Yes,-39.0,Medium,Yes
2020,Carreno Busta P.,Kovalik J.,30,139.0,ESP,2009,78,188,Right,SVK,2010.0,82.0,183.0,Right,Yes,-109.0,High,Yes
2020,Nadal R.,Dellien H.,1,73.0,ESP,2001,85,185,Left,BOL,2009.0,75.0,180.0,Right,Yes,-72.0,Medium,No
2020,Ymer M.,Uchiyama Y.,78,93.0,SWE,2015,75,183,Right,JPN,2011.0,78.0,183.0,Right,Yes,-15.0,Low,Yes
2020,Mmoh M.,Andujar P.,217,63.0,USA,2016,85,185,Right,ESP,2003.0,76.0,180.0,Right,No,154.0,High,Yes
2020,Basilashvili N.,Kwon S.W.,29,87.0,GEO,2008,79,185,Right,KOR,2015.0,72.0,180.0,Right,Yes,-58.0,Medium,Yes
2020,Verdasco F.,Donskoy E.,51,106.0,ESP,2001,87,185,Left,RUS,2007.0,74.0,185.0,Right,Yes,-55.0,Medium,No
2020,Bolt A.,Ramos-Vinolas A.,140,42.0,AUS,2011,84,183,Left,ESP,2007.0,80.0,188.0,Left,No,98.0,High,Yes
2020,Seppi A.,Kecmanovic M.,85,54.0,ITA,2002,75,191,Right,SRB,2017.0,75.0,183.0,Right,No,31.0,Medium,Yes
2020,Popyrin A.,Tsonga J.W.,96,33.0,AUS,2017,78,196,Right,FRA,2004.0,91.0,188.0,Right,No,63.0,Medium,Yes
2020,Rublev A.,O'Connell C.,16,115.0,RUS,2014,68,188,Right,,,,,,Yes,-99.0,High,
2020,Gojowczyk P.,Eubanks C.,120,221.0,GER,2006,83,188,Right,USA,2017.0,82.0,201.0,Right,Yes,-101.0,High,Yes
2020,Sugita Y.,Benchetrit E.,91,231.0,JPN,2006,70,175,Right,MAR,2016.0,88.0,193.0,Right,Yes,-140.0,High,Yes
2020,Herbert P.H.,Norrie C.,64,62.0,FRA,2010,79,188,Right,GBR,2017.0,80.0,188.0,Left,No,2.0,Low,No
2020,Medvedev D.,Tiafoe F.,4,50.0,RUS,2014,81,198,Right,USA,2015.0,77.0,188.0,Right,Yes,-46.0,Medium,Yes
2020,Monfils G.,Lu Y.H.,10,,FRA,2004,80,193,Right,TPE,2001.0,74.0,180.0,Right,,,,Yes
2020,Kyrgios N.,Sonego L.,26,53.0,AUS,2013,85,193,Right,ITA,2013.0,76.0,191.0,Right,Yes,-27.0,Low,Yes
2020,Munar J.,Gaston H.,90,247.0,ESP,2014,78,183,Right,FRA,2018.0,68.0,173.0,Left,Yes,-157.0,High,No
2020,Fritz T.,Griekspoor T.,34,175.0,USA,2015,84,193,Right,NED,2015.0,85.0,188.0,Right,Yes,-141.0,High,Yes
2020,Goffin D.,Chardy J.,11,58.0,BEL,2009,68,180,Right,FRA,2005.0,75.0,188.0,Right,Yes,-47.0,Medium,Yes
2020,Delbonis F.,Sousa J.,76,59.0,ARG,2007,88,191,Left,POR,2008.0,74.0,185.0,Right,No,17.0,Low,No
2020,Tabilo A.,Galan D.E.,208,186.0,CHI,2015,75,188,Right,COL,2015.0,72.0,191.0,Right,No,22.0,Low,Yes
2020,Zverev A.,Cecchinato M.,7,77.0,GER,2013,86,198,Right,ITA,2010.0,78.0,185.0,Right,Yes,-70.0,Medium,Yes
2020,Isner J.,Monteiro T.,19,86.0,USA,2007,108,208,Right,BRA,2011.0,78.0,183.0,Left,Yes,-67.0,Medium,No
2020,Martinez P.,Koepfer D.,168,89.0,ESP,2016,76,185,Right,GER,2016.0,79.0,180.0,Left,No,79.0,High,No
2020,Anderson K.,Ivashka I.,122,149.0,RSA,2007,93,203,Right,BLR,2013.0,83.0,196.0,Right,Yes,-27.0,Low,Yes
2020,Karlovic I.,Pospisil V.,124,138.0,CRO,2000,104,211,Right,CAN,2007.0,84.0,193.0,Right,Yes,-14.0,Low,Yes
2020,Gerasimov E.,Ruud C.,98,48.0,BLR,2010,84,183,Right,NOR,2015.0,77.0,183.0,Right,No,50.0,Medium,Yes
2020,Simon G.,Cuevas P.,61,46.0,FRA,2002,70,183,Right,URU,2004.0,80.0,180.0,Right,No,15.0,Low,Yes
2020,Querrey S.,Berankis R.,45,69.0,USA,2006,95,198,Right,LTU,2007.0,70.0,175.0,Right,Yes,-24.0,Low,Yes
2020,Pella G.,Barrere G.,25,84.0,ARG,2007,83,185,Left,FRA,2021.0,80.0,183.0,Right,Yes,-59.0,Medium,No
2020,Nishioka Y.,Evans D.,71,32.0,JPN,2014,64,170,Left,GBR,2006.0,75.0,175.0,Right,No,39.0,Medium,No
2020,Cilic M.,Paire B.,39,21.0,CRO,2005,89,198,Right,FRA,2007.0,80.0,196.0,Right,No,18.0,Low,Yes
2020,Schwartzman D.,Davidovich Fokina A.,14,88.0,ARG,2010,64,170,Right,ESP,2017.0,80.0,183.0,Right,Yes,-74.0,Medium,Yes
2020,Fucsovics M.,Sinner J.,67,82.0,HUN,2010,82,188,Right,ITA,2018.0,76.0,188.0,Right,Yes,-15.0,Low,Yes
2020,Djokovic N.,Ito T.,2,146.0,SRB,2003,77,188,Right,JPN,2006.0,75.0,180.0,Right,Yes,-144.0,High,Yes
2020,Sandgren T.,Berrettini M.,100,8.0,USA,2011,87,188,Right,ITA,2015.0,95.0,196.0,Right,No,92.0,High,Yes
2020,Tsitsipas S.,Kohlschreiber P.,6,79.0,GRE,2016,83,193,Right,GER,2001.0,70.0,178.0,Right,Yes,-73.0,Medium,Yes
2020,Paul T.,Dimitrov G.,80,20.0,USA,2015,78,185,Right,BUL,2008.0,80.0,191.0,Right,No,60.0,Medium,Yes
2020,Raonic M.,Garin C.,35,36.0,CAN,2008,98,196,Right,CHI,2013.0,85.0,185.0,Right,Yes,-1.0,Low,Yes
2020,Lajovic D.,Polmans M.,27,133.0,SRB,2007,78,183,Right,AUS,2015.0,77.0,188.0,Right,Yes,-106.0,High,Yes
2020,Millman J.,Hurkacz H.,47,31.0,AUS,2006,79,183,Right,ITA,2013.0,77.0,188.0,Right,No,16.0,Low,Yes
2020,Bautista Agut R.,Mmoh M.,9,217.0,ESP,2005,76,183,Right,USA,2016.0,85.0,185.0,Right,Yes,-208.0,High,Yes
2020,Fognini F.,Thompson J.,12,66.0,ITA,2004,74,178,Right,AUS,2013.0,73.0,183.0,Right,Yes,-54.0,Medium,Yes
2020,Federer R.,Krajinovic F.,3,41.0,SUI,1998,85,185,Right,SRB,2008.0,75.0,185.0,Right,Yes,-38.0,Medium,Yes
2020,Gulbis E.,Bedene A.,256,55.0,LAT,2004,88,193,Right,GBR,2008.0,72.0,183.0,Right,No,201.0,High,Yes
2020,Medvedev D.,Martinez P.,4,168.0,RUS,2014,81,198,Right,ESP,2016.0,76.0,185.0,Right,Yes,-164.0,High,Yes
2020,Thiem D.,Bolt A.,5,140.0,AUT,2011,82,185,Right,AUS,2011.0,84.0,183.0,Left,Yes,-135.0,High,No
2020,Zverev A.,Gerasimov E.,7,98.0,GER,2013,86,198,Right,BLR,2010.0,84.0,183.0,Right,Yes,-91.0,High,Yes
2020,Popyrin A.,Munar J.,96,90.0,AUS,2017,78,196,Right,ESP,2014.0,78.0,183.0,Right,No,6.0,Low,Yes
2020,Monfils G.,Karlovic I.,10,124.0,FRA,2004,80,193,Right,CRO,2000.0,104.0,211.0,Right,Yes,-114.0,High,Yes
2020,Rublev A.,Sugita Y.,16,91.0,RUS,2014,68,188,Right,JPN,2006.0,70.0,175.0,Right,Yes,-75.0,Medium,Yes
2020,Verdasco F.,Basilashvili N.,51,29.0,ESP,2001,87,185,Left,GEO,2008.0,79.0,185.0,Right,No,22.0,Low,No
2020,Isner J.,Tabilo A.,19,208.0,USA,2007,108,208,Right,CHI,2015.0,75.0,188.0,Right,Yes,-189.0,High,Yes
2020,Goffin D.,Herbert P.H.,11,64.0,BEL,2009,68,180,Right,FRA,2010.0,79.0,188.0,Right,Yes,-53.0,Medium,Yes
2020,Khachanov K.,Ymer M.,17,78.0,RUS,2013,88,198,Right,SWE,2015.0,75.0,183.0,Right,Yes,-61.0,Medium,Yes
2020,Carreno Busta P.,Gojowczyk P.,30,120.0,ESP,2009,78,188,Right,GER,2006.0,83.0,188.0,Right,Yes,-90.0,High,Yes
2020,Kyrgios N.,Simon G.,26,61.0,AUS,2013,85,193,Right,FRA,2002.0,70.0,183.0,Right,Yes,-35.0,Medium,Yes
2020,Wawrinka S.,Seppi A.,15,85.0,SUI,2002,81,183,Right,ITA,2002.0,75.0,191.0,Right,Yes,-70.0,Medium,Yes
2020,Fritz T.,Anderson K.,34,122.0,USA,2015,84,193,Right,RSA,2007.0,93.0,203.0,Right,Yes,-88.0,High,Yes
2020,Nadal R.,Delbonis F.,1,76.0,ESP,2001,85,185,Left,ARG,2007.0,88.0,191.0,Left,Yes,-75.0,Medium,Yes
2020,Schwartzman D.,Lajovic D.,14,27.0,ARG,2010,64,170,Right,SRB,2007.0,78.0,183.0,Right,Yes,-13.0,Low,Yes
2020,Fucsovics M.,Paul T.,67,80.0,HUN,2010,82,188,Right,USA,2015.0,78.0,185.0,Right,Yes,-13.0,Low,Yes
2020,Cilic M.,Bautista Agut R.,39,9.0,CRO,2005,89,198,Right,ESP,2005.0,76.0,183.0,Right,No,30.0,Low,Yes
2020,Djokovic N.,Nishioka Y.,2,71.0,SRB,2003,77,188,Right,JPN,2014.0,64.0,170.0,Left,Yes,-69.0,Medium,No
2020,Sandgren T.,Querrey S.,100,45.0,USA,2011,87,188,Right,USA,2006.0,95.0,198.0,Right,No,55.0,Medium,Yes
2020,Raonic M.,Tsitsipas S.,35,6.0,CAN,2008,98,196,Right,GRE,2016.0,83.0,193.0,Right,No,29.0,Low,Yes
2020,Fognini F.,Pella G.,12,25.0,ITA,2004,74,178,Right,ARG,2007.0,83.0,185.0,Left,Yes,-13.0,Low,No
2020,Federer R.,Millman J.,3,47.0,SUI,1998,85,185,Right,AUS,2006.0,79.0,183.0,Right,Yes,-44.0,Medium,Yes
2020,Monfils G.,Gulbis E.,10,256.0,FRA,2004,80,193,Right,LAT,2004.0,88.0,193.0,Right,Yes,-246.0,High,Yes
2020,Thiem D.,Fritz T.,5,34.0,AUT,2011,82,185,Right,USA,2015.0,84.0,193.0,Right,Yes,-29.0,Low,Yes
2020,Rublev A.,Goffin D.,16,11.0,RUS,2014,68,188,Right,BEL,2009.0,68.0,180.0,Right,No,5.0,Low,Yes
2020,Nadal R.,Carreno Busta P.,1,30.0,ESP,2001,85,185,Left,ESP,2009.0,78.0,188.0,Right,Yes,-29.0,Low,No
2020,Wawrinka S.,Isner J.,15,19.0,SUI,2002,81,183,Right,USA,2007.0,108.0,208.0,Right,Yes,-4.0,Low,Yes
2020,Kyrgios N.,Khachanov K.,26,17.0,AUS,2013,85,193,Right,RUS,2013.0,88.0,198.0,Right,No,9.0,Low,Yes
2020,Zverev A.,Verdasco F.,7,51.0,GER,2013,86,198,Right,ESP,2001.0,87.0,185.0,Left,Yes,-44.0,Medium,No
2020,Medvedev D.,Popyrin A.,4,96.0,RUS,2014,81,198,Right,AUS,2017.0,78.0,196.0,Right,Yes,-92.0,High,Yes
2020,Raonic M.,Cilic M.,35,39.0,CAN,2008,98,196,Right,CRO,2005.0,89.0,198.0,Right,Yes,-4.0,Low,Yes
2020,Djokovic N.,Schwartzman D.,2,14.0,SRB,2003,77,188,Right,ARG,2010.0,64.0,170.0,Right,Yes,-12.0,Low,Yes
2020,Sandgren T.,Fognini F.,100,12.0,USA,2011,87,188,Right,ITA,2004.0,74.0,178.0,Right,No,88.0,High,Yes
2020,Federer R.,Fucsovics M.,3,67.0,SUI,1998,85,185,Right,HUN,2010.0,82.0,188.0,Right,Yes,-64.0,Medium,Yes
2020,Thiem D.,Monfils G.,5,10.0,AUT,2011,82,185,Right,FRA,2004.0,80.0,193.0,Right,Yes,-5.0,Low,Yes
2020,Wawrinka S.,Medvedev D.,15,4.0,SUI,2002,81,183,Right,RUS,2014.0,81.0,198.0,Right,No,11.0,Low,Yes
2020,Nadal R.,Kyrgios N.,1,26.0,ESP,2001,85,185,Left,AUS,2013.0,85.0,193.0,Right,Yes,-25.0,Low,No
2020,Zverev A.,Rublev A.,7,16.0,GER,2013,86,198,Right,RUS,2014.0,68.0,188.0,Right,Yes,-9.0,Low,Yes
2020,Federer R.,Sandgren T.,3,100.0,SUI,1998,85,185,Right,USA,2011.0,87.0,188.0,Right,Yes,-97.0,High,Yes
2020,Djokovic N.,Raonic M.,2,35.0,SRB,2003,77,188,Right,CAN,2008.0,98.0,196.0,Right,Yes,-33.0,Medium,Yes
2020,Zverev A.,Wawrinka S.,7,15.0,GER,2013,86,198,Right,SUI,2002.0,81.0,183.0,Right,Yes,-8.0,Low,Yes
2020,Thiem D.,Nadal R.,5,1.0,AUT,2011,82,185,Right,ESP,2001.0,85.0,185.0,Left,No,4.0,Low,No
2020,Djokovic N.,Federer R.,2,3.0,SRB,2003,77,188,Right,SUI,1998.0,85.0,185.0,Right,Yes,-1.0,Low,Yes
2020,Thiem D.,Zverev A.,5,7.0,AUT,2011,82,185,Right,GER,2013.0,86.0,198.0,Right,Yes,-2.0,Low,Yes
2020,Djokovic N.,Thiem D.,2,5.0,SRB,2003,77,188,Right,AUT,2011.0,82.0,185.0,Right,Yes,-3.0,Low,Yes
2019,Anderson K.,Mannarino A.,6,42.0,RSA,2007,93,203,Right,FRA,2004.0,70.0,180.0,Left,Yes,-36.0,Medium,No
2019,Basilashvili N.,Eubanks C.,20,170.0,GEO,2008,79,185,Right,USA,2017.0,82.0,201.0,Right,Yes,-150.0,High,Yes
2019,Albot R.,Mmoh M.,98,107.0,MDA,2008,69,175,Right,USA,2016.0,85.0,185.0,Right,Yes,-9.0,Low,Yes
2019,Travaglia S.,Andreozzi G.,137,77.0,ITA,2008,80,185,Right,ARG,2010.0,77.0,183.0,Right,No,60.0,Medium,Yes
2019,Verdasco F.,Kecmanovic M.,28,125.0,ESP,2001,87,185,Left,SRB,2017.0,75.0,183.0,Right,Yes,-97.0,High,No
2019,Cuevas P.,Lajovic D.,94,46.0,URU,2004,80,180,Right,SRB,2007.0,78.0,183.0,Right,No,48.0,Medium,Yes
2019,Haase R.,Garcia-Lopez G.,58,100.0,NED,2005,71,191,Right,ESP,2002.0,80.0,185.0,Right,Yes,-42.0,Medium,Yes
2019,Tsitsipas S.,Berrettini M.,15,54.0,GRE,2016,83,193,Right,ITA,2015.0,95.0,196.0,Right,Yes,-39.0,Medium,Yes
2019,Dimitrov G.,Tipsarevic J.,21,,BUL,2008,80,191,Right,SRB,2002.0,80.0,180.0,Right,,,,Yes
2019,Tiafoe F.,Gunneswaran P.,39,109.0,USA,2015,77,188,Right,IND,2010.0,80.0,188.0,Left,Yes,-70.0,Medium,No
2019,Nadal R.,Duckworth J.,2,237.0,ESP,2001,85,185,Left,AUS,2010.0,82.0,183.0,Right,Yes,-235.0,High,No
2019,Fabbiano T.,Kubler J.,102,130.0,ITA,2005,69,173,Right,AUS,2011.0,74.0,178.0,Right,Yes,-28.0,Low,Yes
2019,Opelka R.,Isner J.,97,10.0,USA,2015,100,211,Right,USA,2007.0,108.0,208.0,Right,No,87.0,High,Yes
2019,Schwartzman D.,Molleker R.,16,206.0,ARG,2010,64,170,Right,GER,2017.0,75.0,185.0,Right,Yes,-190.0,High,Yes
2019,Evans D.,Ito T.,189,150.0,GBR,2006,75,175,Right,JPN,2006.0,75.0,180.0,Right,No,39.0,Medium,Yes
2019,Kudla D.,Polmans M.,62,169.0,USA,2010,75,180,Right,AUS,2015.0,77.0,188.0,Right,Yes,-107.0,High,Yes
2019,Khachanov K.,Gojowczyk P.,11,63.0,RUS,2013,88,198,Right,GER,2006.0,83.0,188.0,Right,Yes,-52.0,Medium,Yes
2019,De Minaur A.,Sousa P.,29,103.0,AUS,2015,69,180,Right,POR,2007.0,70.0,178.0,Right,Yes,-74.0,Medium,Yes
2019,Troicki V.,Carballes Baena R.,200,75.0,SRB,2006,86,193,Right,ESP,2011.0,76.0,180.0,Right,No,125.0,High,Yes
2019,Mcdonald M.,Rublev A.,81,87.0,USA,2016,73,178,Right,RUS,2014.0,68.0,188.0,Right,Yes,-6.0,Low,Yes
2019,Laaksonen H.,Basic M.,166,99.0,SUI,2009,78,185,Right,BIH,2012.0,88.0,188.0,Right,No,67.0,Medium,Yes
2019,Berdych T.,Edmund K.,57,14.0,CZE,2002,91,196,Right,GBR,2012.0,83.0,188.0,Right,No,43.0,Medium,Yes
2019,Thompson J.,Lopez F.,72,66.0,AUS,2013,73,183,Right,ESP,1997.0,73.0,185.0,Left,No,6.0,Low,No
2019,Ebden M.,Struff J.L.,48,51.0,AUS,2006,80,188,Right,GER,2009.0,87.0,196.0,Right,Yes,-3.0,Low,Yes
2019,Seppi A.,Johnson S.,35,34.0,ITA,2002,75,191,Right,USA,2012.0,86.0,188.0,Right,No,1.0,Low,Yes
2019,Monfils G.,Dzumhur D.,33,47.0,FRA,2004,80,193,Right,BIH,2011.0,70.0,175.0,Right,Yes,-14.0,Low,Yes
2019,Nishioka Y.,Sandgren T.,69,41.0,JPN,2014,64,170,Left,USA,2011.0,87.0,188.0,Right,No,28.0,Low,No
2019,Millman J.,Delbonis F.,37,80.0,AUS,2006,79,183,Right,ARG,2007.0,88.0,191.0,Left,Yes,-43.0,Medium,No
2019,Fritz T.,Norrie C.,50,68.0,USA,2015,84,193,Right,GBR,2017.0,80.0,188.0,Left,Yes,-18.0,Low,No
2019,Bautista Agut R.,Murray A.,24,229.0,ESP,2005,76,183,Right,GBR,2005.0,84.0,191.0,Right,Yes,-205.0,High,Yes
2019,Cilic M.,Tomic B.,7,88.0,CRO,2005,89,198,Right,AUS,2008.0,91.0,196.0,Right,Yes,-81.0,High,Yes
2019,Federer R.,Istomin D.,3,101.0,SUI,1998,85,185,Right,UZB,2004.0,88.0,188.0,Right,Yes,-98.0,High,Yes
2019,Fognini F.,Munar J.,13,79.0,ITA,2004,74,178,Right,ESP,2014.0,78.0,183.0,Right,Yes,-66.0,Medium,Yes
2019,Ivashka I.,Jaziri M.,84,43.0,BLR,2013,83,196,Right,TUN,2003.0,82.0,185.0,Right,No,41.0,Medium,Yes
2019,Mayer L.,Jarry N.,53,45.0,ARG,2003,80,191,Right,CHI,2014.0,87.0,198.0,Right,No,8.0,Low,Yes
2019,Nishikori K.,Majchrzak K.,9,176.0,JPN,2007,75,178,Right,POL,2013.0,78.0,180.0,Right,Yes,-167.0,High,Yes
2019,Herbert P.H.,Querrey S.,55,49.0,FRA,2010,79,188,Right,USA,2006.0,95.0,198.0,Right,No,6.0,Low,Yes
2019,Fucsovics M.,Ramos-Vinolas A.,38,64.0,HUN,2010,82,188,Right,ESP,2007.0,80.0,188.0,Left,Yes,-26.0,Low,No
2019,Harrison R.,Vesely J.,83,90.0,USA,2007,84,185,Right,CZE,2009.0,92.0,198.0,Left,Yes,-7.0,Low,No
2019,Medvedev D.,Harris L.,19,119.0,RUS,2014,81,198,Right,RSA,2015.0,80.0,193.0,Right,Yes,-100.0,High,Yes
2019,Karlovic I.,Hurkacz H.,73,76.0,CRO,2000,104,211,Right,ITA,2013.0,77.0,188.0,Right,Yes,-3.0,Low,Yes
2019,Coric B.,Darcis S.,12,321.0,CRO,2013,79,185,Right,BEL,2003.0,77.0,178.0,Right,Yes,-309.0,High,Yes
2019,Chung H.,Klahn B.,25,78.0,KOR,2014,87,188,Right,USA,2012.0,75.0,183.0,Left,Yes,-53.0,Medium,No
2019,Bolt A.,Sock J.,155,105.0,AUS,2011,84,183,Left,USA,2011.0,84.0,191.0,Right,No,50.0,Medium,No
2019,Sousa J.,Pella G.,44,65.0,POR,2008,74,185,Right,ARG,2007.0,83.0,185.0,Left,Yes,-21.0,Low,No
2019,Carreno Busta P.,Vanni L.,23,163.0,ESP,2009,78,188,Right,ITA,2006.0,94.0,198.0,Right,Yes,-140.0,High,Yes
2019,Donskoy E.,Djere L.,96,92.0,RUS,2007,74,185,Right,SRB,2013.0,80.0,185.0,Right,No,4.0,Low,Yes
2019,Simon G.,Fratangelo B.,30,133.0,FRA,2002,70,183,Right,USA,2012.0,79.0,183.0,Right,Yes,-103.0,High,Yes
2019,Zverev A.,Bedene A.,4,67.0,GER,2013,86,198,Right,GBR,2008.0,72.0,183.0,Right,Yes,-63.0,Medium,Yes
2019,Goffin D.,Garin C.,22,89.0,BEL,2009,68,180,Right,CHI,2013.0,85.0,185.0,Right,Yes,-67.0,Medium,Yes
2019,Shapovalov D.,Andujar P.,27,85.0,CAN,2016,76,183,Left,ESP,2003.0,76.0,180.0,Right,Yes,-58.0,Medium,No
2019,Daniel T.,Kokkinakis T.,82,144.0,JPN,2010,76,191,Right,AUS,2013.0,82.0,196.0,Right,Yes,-62.0,Medium,Yes
2019,Pouille L.,Kukushkin M.,31,56.0,FRA,2012,81,185,Right,KAZ,2006.0,72.0,183.0,Right,Yes,-25.0,Low,Yes
2019,Copil M.,Granollers M.,60,108.0,ROU,2008,86,191,Right,ESP,2003.0,77.0,191.0,Right,Yes,-48.0,Medium,Yes
2019,Kohlschreiber P.,Li Z.,32,261.0,GER,2001,70,178,Right,CHN,2004.0,78.0,183.0,Right,Yes,-229.0,High,Yes
2019,Tsonga J.W.,Klizan M.,177,40.0,FRA,2004,91,188,Right,SVK,2007.0,80.0,191.0,Left,No,137.0,High,No
2019,Chardy J.,Humbert U.,36,95.0,FRA,2005,75,188,Right,FRA,2016.0,73.0,188.0,Left,Yes,-59.0,Medium,No
2019,Krajinovic F.,Cecchinato M.,93,18.0,SRB,2008,75,185,Right,ITA,2010.0,78.0,185.0,Right,No,75.0,Medium,Yes
2019,Popyrin A.,Zverev M.,149,70.0,AUS,2017,78,196,Right,GER,2005.0,88.0,191.0,Left,No,79.0,High,No
2019,Wawrinka S.,Gulbis E.,59,86.0,SUI,2002,81,183,Right,LAT,2004.0,88.0,193.0,Right,Yes,-27.0,Low,Yes
2019,Marterer M.,Sakharov G.,71,252.0,GER,2015,84,191,Left,FRA,2005.0,78.0,185.0,Right,Yes,-181.0,High,No
2019,Djokovic N.,Krueger M.,1,230.0,SRB,2003,77,188,Right,USA,2012.0,82.0,188.0,Right,Yes,-229.0,High,Yes
2019,Raonic M.,Kyrgios N.,17,52.0,CAN,2008,98,196,Right,AUS,2013.0,85.0,193.0,Right,Yes,-35.0,Medium,Yes
2019,Thiem D.,Paire B.,8,61.0,AUT,2011,82,185,Right,FRA,2007.0,80.0,196.0,Right,Yes,-53.0,Medium,Yes
2019,Schwartzman D.,Kudla D.,16,62.0,ARG,2010,64,170,Right,USA,2010.0,75.0,180.0,Right,Yes,-46.0,Medium,Yes
2019,Basilashvili N.,Travaglia S.,20,137.0,GEO,2008,79,185,Right,ITA,2008.0,80.0,185.0,Right,Yes,-117.0,High,Yes
2019,Tsitsipas S.,Troicki V.,15,200.0,GRE,2016,83,193,Right,SRB,2006.0,86.0,193.0,Right,Yes,-185.0,High,Yes
2019,Seppi A.,Thompson J.,35,72.0,ITA,2002,75,191,Right,AUS,2013.0,73.0,183.0,Right,Yes,-37.0,Medium,Yes
2019,Berdych T.,Haase R.,57,58.0,CZE,2002,91,196,Right,NED,2005.0,71.0,191.0,Right,Yes,-1.0,Low,Yes
2019,Cilic M.,Mcdonald M.,7,81.0,CRO,2005,89,198,Right,USA,2016.0,73.0,178.0,Right,Yes,-74.0,Medium,Yes
2019,Tiafoe F.,Anderson K.,39,6.0,USA,2015,77,188,Right,RSA,2007.0,93.0,203.0,Right,No,33.0,Medium,Yes
2019,Verdasco F.,Albot R.,28,98.0,ESP,2001,87,185,Left,MDA,2008.0,69.0,175.0,Right,Yes,-70.0,Medium,No
2019,Federer R.,Evans D.,3,189.0,SUI,1998,85,185,Right,GBR,2006.0,75.0,175.0,Right,Yes,-186.0,High,Yes
2019,Fritz T.,Monfils G.,50,33.0,USA,2015,84,193,Right,FRA,2004.0,80.0,193.0,Right,No,17.0,Low,Yes
2019,Khachanov K.,Nishioka Y.,11,69.0,RUS,2013,88,198,Right,JPN,2014.0,64.0,170.0,Left,Yes,-58.0,Medium,No
2019,Fabbiano T.,Opelka R.,102,97.0,ITA,2005,69,173,Right,USA,2015.0,100.0,211.0,Right,No,5.0,Low,Yes
2019,Bautista Agut R.,Millman J.,24,37.0,ESP,2005,76,183,Right,AUS,2006.0,79.0,183.0,Right,Yes,-13.0,Low,Yes
2019,Dimitrov G.,Cuevas P.,21,94.0,BUL,2008,80,191,Right,URU,2004.0,80.0,180.0,Right,Yes,-73.0,Medium,Yes
2019,De Minaur A.,Laaksonen H.,29,166.0,AUS,2015,69,180,Right,SUI,2009.0,78.0,185.0,Right,Yes,-137.0,High,Yes
2019,Nadal R.,Ebden M.,2,48.0,ESP,2001,85,185,Left,AUS,2006.0,80.0,188.0,Right,Yes,-46.0,Medium,No
2019,Nishikori K.,Karlovic I.,9,73.0,JPN,2007,75,178,Right,CRO,2000.0,104.0,211.0,Right,Yes,-64.0,Medium,Yes
2019,Raonic M.,Wawrinka S.,17,59.0,CAN,2008,98,196,Right,SUI,2002.0,81.0,183.0,Right,Yes,-42.0,Medium,Yes
2019,Sousa J.,Kohlschreiber P.,44,32.0,POR,2008,74,185,Right,GER,2001.0,70.0,178.0,Right,No,12.0,Low,Yes
2019,Carreno Busta P.,Ivashka I.,23,84.0,ESP,2009,78,188,Right,BLR,2013.0,83.0,196.0,Right,Yes,-61.0,Medium,Yes
2019,Coric B.,Fucsovics M.,12,38.0,CRO,2013,79,185,Right,HUN,2010.0,82.0,188.0,Right,Yes,-26.0,Low,Yes
2019,Fognini F.,Mayer L.,13,53.0,ITA,2004,74,178,Right,ARG,2003.0,80.0,191.0,Right,Yes,-40.0,Medium,Yes
2019,Herbert P.H.,Chung H.,55,25.0,FRA,2010,79,188,Right,KOR,2014.0,87.0,188.0,Right,No,30.0,Low,Yes
2019,Krajinovic F.,Donskoy E.,93,96.0,SRB,2008,75,185,Right,RUS,2007.0,74.0,185.0,Right,Yes,-3.0,Low,Yes
2019,Goffin D.,Copil M.,22,60.0,BEL,2009,68,180,Right,ROU,2008.0,86.0,191.0,Right,Yes,-38.0,Medium,Yes
2019,Bolt A.,Simon G.,155,30.0,AUS,2011,84,183,Left,FRA,2002.0,70.0,183.0,Right,No,125.0,High,No
2019,Pouille L.,Marterer M.,31,71.0,FRA,2012,81,185,Right,GER,2015.0,84.0,191.0,Left,Yes,-40.0,Medium,No
2019,Shapovalov D.,Daniel T.,27,82.0,CAN,2016,76,183,Left,JPN,2010.0,76.0,191.0,Right,Yes,-55.0,Medium,No
2019,Popyrin A.,Thiem D.,149,8.0,AUS,2017,78,196,Right,AUT,2011.0,82.0,185.0,Right,No,141.0,High,Yes
2019,Medvedev D.,Harrison R.,19,83.0,RUS,2014,81,198,Right,USA,2007.0,84.0,185.0,Right,Yes,-64.0,Medium,Yes
2019,Zverev A.,Chardy J.,4,36.0,GER,2013,86,198,Right,FRA,2005.0,75.0,188.0,Right,Yes,-32.0,Medium,Yes
2019,Djokovic N.,Tsonga J.W.,1,177.0,SRB,2003,77,188,Right,FRA,2004.0,91.0,188.0,Right,Yes,-176.0,High,Yes
2019,Tsitsipas S.,Basilashvili N.,15,20.0,GRE,2016,83,193,Right,GEO,2008.0,79.0,185.0,Right,Yes,-5.0,Low,Yes
2019,Berdych T.,Schwartzman D.,57,16.0,CZE,2002,91,196,Right,ARG,2010.0,64.0,170.0,Right,No,41.0,Medium,Yes
2019,Federer R.,Fritz T.,3,50.0,SUI,1998,85,185,Right,USA,2015.0,84.0,193.0,Right,Yes,-47.0,Medium,Yes
2019,Tiafoe F.,Seppi A.,39,35.0,USA,2015,77,188,Right,ITA,2002.0,75.0,191.0,Right,No,4.0,Low,Yes
2019,Dimitrov G.,Fabbiano T.,21,102.0,BUL,2008,80,191,Right,ITA,2005.0,69.0,173.0,Right,Yes,-81.0,High,Yes
2019,Bautista Agut R.,Khachanov K.,24,11.0,ESP,2005,76,183,Right,RUS,2013.0,88.0,198.0,Right,No,13.0,Low,Yes
2019,Nadal R.,De Minaur A.,2,29.0,ESP,2001,85,185,Left,AUS,2015.0,69.0,180.0,Right,Yes,-27.0,Low,No
2019,Cilic M.,Verdasco F.,7,28.0,CRO,2005,89,198,Right,ESP,2001.0,87.0,185.0,Left,Yes,-21.0,Low,No
2019,Medvedev D.,Goffin D.,19,22.0,RUS,2014,81,198,Right,BEL,2009.0,68.0,180.0,Right,Yes,-3.0,Low,Yes
2019,Nishikori K.,Sousa J.,9,44.0,JPN,2007,75,178,Right,POR,2008.0,74.0,185.0,Right,Yes,-35.0,Medium,Yes
2019,Carreno Busta P.,Fognini F.,23,13.0,ESP,2009,78,188,Right,ITA,2004.0,74.0,178.0,Right,No,10.0,Low,Yes
2019,Raonic M.,Herbert P.H.,17,55.0,CAN,2008,98,196,Right,FRA,2010.0,79.0,188.0,Right,Yes,-38.0,Medium,Yes
2019,Djokovic N.,Shapovalov D.,1,27.0,SRB,2003,77,188,Right,CAN,2016.0,76.0,183.0,Left,Yes,-26.0,Low,No
2019,Coric B.,Krajinovic F.,12,93.0,CRO,2013,79,185,Right,SRB,2008.0,75.0,185.0,Right,Yes,-81.0,High,Yes
2019,Zverev A.,Bolt A.,4,155.0,GER,2013,86,198,Right,AUS,2011.0,84.0,183.0,Left,Yes,-151.0,High,No
2019,Pouille L.,Popyrin A.,31,149.0,FRA,2012,81,185,Right,AUS,2017.0,78.0,196.0,Right,Yes,-118.0,High,Yes
2019,Tiafoe F.,Dimitrov G.,39,21.0,USA,2015,77,188,Right,BUL,2008.0,80.0,191.0,Right,No,18.0,Low,Yes
2019,Nadal R.,Berdych T.,2,57.0,ESP,2001,85,185,Left,CZE,2002.0,91.0,196.0,Right,Yes,-55.0,Medium,No
2019,Bautista Agut R.,Cilic M.,24,7.0,ESP,2005,76,183,Right,CRO,2005.0,89.0,198.0,Right,No,17.0,Low,Yes
2019,Tsitsipas S.,Federer R.,15,3.0,GRE,2016,83,193,Right,SUI,1998.0,85.0,185.0,Right,No,12.0,Low,Yes
2019,Raonic M.,Zverev A.,17,4.0,CAN,2008,98,196,Right,GER,2013.0,86.0,198.0,Right,No,13.0,Low,Yes
2019,Pouille L.,Coric B.,31,12.0,FRA,2012,81,185,Right,CRO,2013.0,79.0,185.0,Right,No,19.0,Low,Yes
2019,Nishikori K.,Carreno Busta P.,9,23.0,JPN,2007,75,178,Right,ESP,2009.0,78.0,188.0,Right,Yes,-14.0,Low,Yes
2019,Djokovic N.,Medvedev D.,1,19.0,SRB,2003,77,188,Right,RUS,2014.0,81.0,198.0,Right,Yes,-18.0,Low,Yes
2019,Tsitsipas S.,Bautista Agut R.,15,24.0,GRE,2016,83,193,Right,ESP,2005.0,76.0,183.0,Right,Yes,-9.0,Low,Yes
2019,Nadal R.,Tiafoe F.,2,39.0,ESP,2001,85,185,Left,USA,2015.0,77.0,188.0,Right,Yes,-37.0,Medium,No
2019,Pouille L.,Raonic M.,31,17.0,FRA,2012,81,185,Right,CAN,2008.0,98.0,196.0,Right,No,14.0,Low,Yes
2019,Djokovic N.,Nishikori K.,1,9.0,SRB,2003,77,188,Right,JPN,2007.0,75.0,178.0,Right,Yes,-8.0,Low,Yes
2019,Nadal R.,Tsitsipas S.,2,15.0,ESP,2001,85,185,Left,GRE,2016.0,83.0,193.0,Right,Yes,-13.0,Low,No
2019,Djokovic N.,Pouille L.,1,31.0,SRB,2003,77,188,Right,FRA,2012.0,81.0,185.0,Right,Yes,-30.0,Low,Yes
2019,Djokovic N.,Nadal R.,1,2.0,SRB,2003,77,188,Right,ESP,2001.0,85.0,185.0,Left,Yes,-1.0,Low,No
2018,Dolgopolov O.,Haider-Maurer A.,37,448.0,UKR,2006,71,180,Right,AUT,2005.0,89.0,191.0,Right,Yes,-411.0,High,Yes
2018,Harrison R.,Sela D.,45,95.0,USA,2007,84,185,Right,ISR,2002.0,65.0,175.0,Right,Yes,-50.0,Medium,Yes
2018,Edmund K.,Anderson K.,49,12.0,GBR,2012,83,188,Right,RSA,2007.0,93.0,203.0,Right,No,37.0,Medium,Yes
2018,Carreno Busta P.,Kubler J.,11,243.0,ESP,2009,78,188,Right,AUS,2011.0,74.0,178.0,Right,Yes,-232.0,High,Yes
2018,Cuevas P.,Youzhny M.,34,90.0,URU,2004,80,180,Right,RUS,1999.0,73.0,183.0,Right,Yes,-56.0,Medium,Yes
2018,Istomin D.,Herbert P.H.,60,74.0,UZB,2004,88,188,Right,FRA,2010.0,79.0,188.0,Right,Yes,-14.0,Low,Yes
2018,Muller G.,Delbonis F.,28,67.0,LUX,2001,89,193,Left,ARG,2007.0,88.0,191.0,Left,Yes,-39.0,Medium,Yes
2018,Seppi A.,Moutet C.,76,155.0,ITA,2002,75,191,Right,FRA,2016.0,71.0,175.0,Left,Yes,-79.0,High,No
2018,Rublev A.,Ferrer D.,32,33.0,RUS,2014,68,188,Right,ESP,2000.0,73.0,175.0,Right,Yes,-1.0,Low,Yes
2018,Ebden M.,Isner J.,78,16.0,AUS,2006,80,188,Right,USA,2007.0,108.0,208.0,Right,No,62.0,Medium,Yes
2018,Nishioka Y.,Kohlschreiber P.,168,29.0,JPN,2014,64,170,Left,GER,2001.0,70.0,178.0,Right,No,139.0,High,No
2018,Troicki V.,Bolt A.,65,188.0,SRB,2006,86,193,Right,AUS,2011.0,84.0,183.0,Left,Yes,-123.0,High,No
2018,Shapovalov D.,Tsitsipas S.,50,82.0,CAN,2016,76,183,Left,GRE,2016.0,83.0,193.0,Right,Yes,-32.0,Medium,No
2018,Dimitrov G.,Novak D.,3,226.0,BUL,2008,80,191,Right,AUT,2011.0,80.0,183.0,Right,Yes,-223.0,High,Yes
2018,Schwartzman D.,Lajovic D.,26,75.0,ARG,2010,64,170,Right,SRB,2007.0,78.0,183.0,Right,Yes,-49.0,Medium,Yes
2018,Cilic M.,Pospisil V.,6,105.0,CRO,2005,89,198,Right,CAN,2007.0,84.0,193.0,Right,Yes,-99.0,High,Yes
2018,Dzumhur D.,Lorenzi P.,30,44.0,BIH,2011,70,175,Right,ITA,2003.0,77.0,183.0,Right,Yes,-14.0,Low,Yes
2018,Karlovic I.,Djere L.,89,85.0,CRO,2000,104,211,Right,SRB,2013.0,80.0,185.0,Right,No,4.0,Low,Yes
2018,Mcdonald M.,Ymer E.,186,140.0,USA,2016,73,178,Right,SWE,2014.0,78.0,183.0,Right,No,46.0,Medium,Yes
2018,Simon G.,Copil M.,57,92.0,FRA,2002,70,183,Right,ROU,2008.0,86.0,191.0,Right,Yes,-35.0,Medium,Yes
2018,Sugita Y.,Sock J.,41,9.0,JPN,2006,70,175,Right,USA,2011.0,84.0,191.0,Right,No,32.0,Medium,Yes
2018,Basilashvili N.,Melzer G.,61,102.0,GEO,2008,79,185,Right,AUT,2007.0,80.0,188.0,Left,Yes,-41.0,Medium,No
2018,Baghdatis M.,Bhambri Y.,123,119.0,CYP,2003,82,178,Right,IND,2008.0,77.0,183.0,Right,No,4.0,Low,Yes
2018,Millman J.,Coric B.,122,46.0,AUS,2006,79,183,Right,CRO,2013.0,79.0,185.0,Right,No,76.0,High,Yes
2018,Mayer L.,Jarry N.,52,101.0,ARG,2003,80,191,Right,CHI,2014.0,87.0,198.0,Right,Yes,-49.0,Medium,Yes
2018,Ruud C.,Halys Q.,138,134.0,NOR,2015,77,183,Right,FRA,2012.0,78.0,191.0,Right,No,4.0,Low,Yes
2018,Bemelmans R.,Pouille L.,117,18.0,BEL,2006,75,183,Left,FRA,2012.0,81.0,185.0,Right,No,99.0,High,No
2018,Kyrgios N.,Dutra Silva R.,17,98.0,AUS,2013,85,193,Right,BRA,2003.0,73.0,178.0,Right,Yes,-81.0,High,Yes
2018,Nadal R.,Estrella Burgos V.,1,79.0,ESP,2001,85,185,Left,DOM,2002.0,77.0,170.0,Right,Yes,-78.0,High,No
2018,Jaziri M.,Caruso S.,100,210.0,TUN,2003,82,185,Right,ITA,2010.0,80.0,185.0,Right,Yes,-110.0,High,Yes
2018,Sousa J.,Brown D.,70,129.0,POR,2008,74,185,Right,GER,2002.0,78.0,196.0,Right,Yes,-59.0,Medium,Yes
2018,Tsonga J.W.,King K.,15,214.0,FRA,2004,91,188,Right,USA,2013.0,86.0,191.0,Left,Yes,-199.0,High,No
2018,Lacko L.,Raonic M.,86,23.0,SVK,2005,85,185,Right,CAN,2008.0,98.0,196.0,Right,No,63.0,Medium,Yes
2018,Vesely J.,Safranek V.,64,225.0,CZE,2009,92,198,Left,CZE,2012.0,80.0,183.0,Right,Yes,-161.0,High,No
2018,Fucsovics M.,Albot R.,80,87.0,HUN,2010,82,188,Right,MDA,2008.0,69.0,175.0,Right,Yes,-7.0,Low,Yes
2018,Verdasco F.,Bautista Agut R.,40,21.0,ESP,2001,87,185,Left,ESP,2005.0,76.0,183.0,Right,No,19.0,Low,No
2018,Benneteau J.,Daniel T.,59,96.0,FRA,2000,79,185,Right,JPN,2010.0,76.0,191.0,Right,Yes,-37.0,Medium,Yes
2018,Mannarino A.,Berrettini M.,27,130.0,FRA,2004,70,180,Left,ITA,2015.0,95.0,196.0,Right,Yes,-103.0,High,No
2018,Kicker N.,Thompson J.,93,99.0,ARG,2009,75,178,Right,AUS,2013.0,73.0,183.0,Right,Yes,-6.0,Low,Yes
2018,Marterer M.,Stebe C.M.,94,83.0,GER,2015,84,191,Left,GER,2010.0,70.0,183.0,Left,No,11.0,Low,Yes
2018,Sonego L.,Haase R.,219,43.0,ITA,2013,76,191,Right,NED,2005.0,71.0,191.0,Right,No,176.0,High,Yes
2018,Querrey S.,Lopez F.,13,38.0,USA,2006,95,198,Right,ESP,1997.0,73.0,185.0,Left,Yes,-25.0,Low,No
2018,Zverev A.,Fabbiano T.,4,73.0,GER,2013,86,198,Right,ITA,2005.0,69.0,173.0,Right,Yes,-69.0,Medium,Yes
2018,Goffin D.,Bachinger M.,7,182.0,BEL,2009,68,180,Right,GER,2005.0,86.0,188.0,Right,Yes,-175.0,High,Yes
2018,Gojowczyk P.,Kukushkin M.,62,69.0,GER,2006,83,188,Right,KAZ,2006.0,72.0,183.0,Right,Yes,-7.0,Low,Yes
2018,Wawrinka S.,Berankis R.,8,136.0,SUI,2002,81,183,Right,LTU,2007.0,70.0,175.0,Right,Yes,-128.0,High,Yes
2018,Ramos-Vinolas A.,Donaldson J.,22,54.0,ESP,2007,80,188,Left,USA,2014.0,75.0,188.0,Right,Yes,-32.0,Medium,No
2018,Donskoy E.,Mayer F.,72,68.0,RUS,2007,74,185,Right,GER,2001.0,82.0,191.0,Right,No,4.0,Low,Yes
2018,Kudla D.,Johnson S.,190,48.0,USA,2010,75,180,Right,USA,2012.0,86.0,188.0,Right,No,142.0,High,Yes
2018,Djokovic N.,Young D.,14,63.0,SRB,2003,77,188,Right,USA,2004.0,79.0,183.0,Left,Yes,-49.0,Medium,No
2018,Sandgren T.,Chardy J.,97,84.0,USA,2011,87,188,Right,FRA,2005.0,75.0,188.0,Right,No,13.0,Low,Yes
2018,Smyczek T.,Popyrin A.,131,550.0,USA,2006,73,175,Right,AUS,2017.0,78.0,196.0,Right,Yes,-419.0,High,Yes
2018,Fognini F.,Zeballos H.,25,66.0,ITA,2004,74,178,Right,ARG,2003.0,83.0,188.0,Left,Yes,-41.0,Medium,No
2018,Struff J.L.,Kwon S.W.,55,174.0,GER,2009,87,196,Right,KOR,2015.0,72.0,180.0,Right,Yes,-119.0,High,Yes
2018,Medvedev D.,Kokkinakis T.,53,216.0,RUS,2014,81,198,Right,AUS,2013.0,82.0,196.0,Right,Yes,-163.0,High,Yes
2018,Monfils G.,Munar J.,39,187.0,FRA,2004,80,193,Right,ESP,2014.0,78.0,183.0,Right,Yes,-148.0,High,Yes
2018,Gasquet R.,Kavcic B.,31,106.0,FRA,2002,75,185,Right,SLO,2005.0,78.0,188.0,Right,Yes,-75.0,Medium,Yes
2018,Khachanov K.,Polansky P.,47,139.0,RUS,2013,88,198,Right,CAN,2006.0,79.0,183.0,Right,Yes,-92.0,High,Yes
2018,Garcia-Lopez G.,Paire B.,71,42.0,ESP,2002,80,185,Right,FRA,2007.0,80.0,196.0,Right,No,29.0,Low,Yes
2018,Chung H.,Zverev M.,58,35.0,KOR,2014,87,188,Right,GER,2005.0,88.0,191.0,Left,No,23.0,Low,No
2018,Berdych T.,De Minaur A.,20,127.0,CZE,2002,91,196,Right,AUS,2015.0,69.0,180.0,Right,Yes,-107.0,High,Yes
2018,Federer R.,Bedene A.,2,51.0,SUI,1998,85,185,Right,GBR,2008.0,72.0,183.0,Right,Yes,-49.0,Medium,Yes
2018,Thiem D.,Pella G.,5,56.0,AUT,2011,82,185,Right,ARG,2007.0,83.0,185.0,Left,Yes,-51.0,Medium,No
2018,Del Potro J.M.,Tiafoe F.,10,81.0,ARG,2005,97,198,Right,USA,2015.0,77.0,188.0,Right,Yes,-71.0,Medium,Yes
2018,Basilashvili N.,Bemelmans R.,61,117.0,GEO,2008,79,185,Right,BEL,2006.0,75.0,183.0,Left,Yes,-56.0,Medium,No
2018,Muller G.,Jaziri M.,28,100.0,LUX,2001,89,193,Left,TUN,2003.0,82.0,185.0,Right,Yes,-72.0,Medium,No
2018,Seppi A.,Nishioka Y.,76,168.0,ITA,2002,75,191,Right,JPN,2014.0,64.0,170.0,Left,Yes,-92.0,High,No
2018,Carreno Busta P.,Simon G.,11,57.0,ESP,2009,78,188,Right,FRA,2002.0,70.0,183.0,Right,Yes,-46.0,Medium,Yes
2018,Tsonga J.W.,Shapovalov D.,15,50.0,FRA,2004,91,188,Right,CAN,2016.0,76.0,183.0,Left,Yes,-35.0,Medium,No
2018,Edmund K.,Istomin D.,49,60.0,GBR,2012,83,188,Right,UZB,2004.0,88.0,188.0,Right,Yes,-11.0,Low,Yes
2018,Karlovic I.,Sugita Y.,89,41.0,CRO,2000,104,211,Right,JPN,2006.0,70.0,175.0,Right,No,48.0,Medium,Yes
2018,Cilic M.,Sousa J.,6,70.0,CRO,2005,89,198,Right,POR,2008.0,74.0,185.0,Right,Yes,-64.0,Medium,Yes
2018,Dzumhur D.,Millman J.,30,122.0,BIH,2011,70,175,Right,AUS,2006.0,79.0,183.0,Right,Yes,-92.0,High,Yes
2018,Harrison R.,Cuevas P.,45,34.0,USA,2007,84,185,Right,URU,2004.0,80.0,180.0,Right,No,11.0,Low,Yes
2018,Nadal R.,Mayer L.,1,52.0,ESP,2001,85,185,Left,ARG,2003.0,80.0,191.0,Right,Yes,-51.0,Medium,No
2018,Schwartzman D.,Ruud C.,26,138.0,ARG,2010,64,170,Right,NOR,2015.0,77.0,183.0,Right,Yes,-112.0,High,Yes
2018,Rublev A.,Baghdatis M.,32,123.0,RUS,2014,68,188,Right,CYP,2003.0,82.0,178.0,Right,Yes,-91.0,High,Yes
2018,Kyrgios N.,Troicki V.,17,65.0,AUS,2013,85,193,Right,SRB,2006.0,86.0,193.0,Right,Yes,-48.0,Medium,Yes
2018,Dimitrov G.,Mcdonald M.,3,186.0,BUL,2008,80,191,Right,USA,2016.0,73.0,178.0,Right,Yes,-183.0,High,Yes
2018,Dolgopolov O.,Ebden M.,37,78.0,UKR,2006,71,180,Right,AUS,2006.0,80.0,188.0,Right,Yes,-41.0,Medium,Yes
2018,Fucsovics M.,Querrey S.,80,13.0,HUN,2010,82,188,Right,USA,2006.0,95.0,198.0,Right,No,67.0,Medium,Yes
2018,Ramos-Vinolas A.,Smyczek T.,22,131.0,ESP,2007,80,188,Left,USA,2006.0,73.0,175.0,Right,Yes,-109.0,High,No
2018,Thiem D.,Kudla D.,5,190.0,AUT,2011,82,185,Right,USA,2010.0,75.0,180.0,Right,Yes,-185.0,High,Yes
2018,Kicker N.,Lacko L.,93,86.0,ARG,2009,75,178,Right,SVK,2005.0,85.0,185.0,Right,No,7.0,Low,Yes
2018,Berdych T.,Garcia-Lopez G.,20,71.0,CZE,2002,91,196,Right,ESP,2002.0,80.0,185.0,Right,Yes,-51.0,Medium,Yes
2018,Mannarino A.,Vesely J.,27,64.0,FRA,2004,70,180,Left,CZE,2009.0,92.0,198.0,Left,Yes,-37.0,Medium,Yes
2018,Fognini F.,Donskoy E.,25,72.0,ITA,2004,74,178,Right,RUS,2007.0,74.0,185.0,Right,Yes,-47.0,Medium,Yes
2018,Del Potro J.M.,Khachanov K.,10,47.0,ARG,2005,97,198,Right,RUS,2013.0,88.0,198.0,Right,Yes,-37.0,Medium,Yes
2018,Djokovic N.,Monfils G.,14,39.0,SRB,2003,77,188,Right,FRA,2004.0,80.0,193.0,Right,Yes,-25.0,Low,Yes
2018,Benneteau J.,Goffin D.,59,7.0,FRA,2000,79,185,Right,BEL,2009.0,68.0,180.0,Right,No,52.0,Medium,Yes
2018,Chung H.,Medvedev D.,58,53.0,KOR,2014,87,188,Right,RUS,2014.0,81.0,198.0,Right,No,5.0,Low,Yes
2018,Gasquet R.,Sonego L.,31,219.0,FRA,2002,75,185,Right,ITA,2013.0,76.0,191.0,Right,Yes,-188.0,High,Yes
2018,Marterer M.,Verdasco F.,94,40.0,GER,2015,84,191,Left,ESP,2001.0,87.0,185.0,Left,No,54.0,Medium,Yes
2018,Zverev A.,Gojowczyk P.,4,62.0,GER,2013,86,198,Right,GER,2006.0,83.0,188.0,Right,Yes,-58.0,Medium,Yes
2018,Sandgren T.,Wawrinka S.,97,8.0,USA,2011,87,188,Right,SUI,2002.0,81.0,183.0,Right,No,89.0,High,Yes
2018,Federer R.,Struff J.L.,2,55.0,SUI,1998,85,185,Right,GER,2009.0,87.0,196.0,Right,Yes,-53.0,Medium,Yes
2018,Edmund K.,Basilashvili N.,49,61.0,GBR,2012,83,188,Right,GEO,2008.0,79.0,185.0,Right,Yes,-12.0,Low,Yes
2018,Carreno Busta P.,Muller G.,11,28.0,ESP,2009,78,188,Right,LUX,2001.0,89.0,193.0,Left,Yes,-17.0,Low,No
2018,Dimitrov G.,Rublev A.,3,32.0,BUL,2008,80,191,Right,RUS,2014.0,68.0,188.0,Right,Yes,-29.0,Low,Yes
2018,Seppi A.,Karlovic I.,76,89.0,ITA,2002,75,191,Right,CRO,2000.0,104.0,211.0,Right,Yes,-13.0,Low,Yes
2018,Schwartzman D.,Dolgopolov O.,26,37.0,ARG,2010,64,170,Right,UKR,2006.0,71.0,180.0,Right,Yes,-11.0,Low,Yes
2018,Kyrgios N.,Tsonga J.W.,17,15.0,AUS,2013,85,193,Right,FRA,2004.0,91.0,188.0,Right,No,2.0,Low,Yes
2018,Nadal R.,Dzumhur D.,1,30.0,ESP,2001,85,185,Left,BIH,2011.0,70.0,175.0,Right,Yes,-29.0,Low,No
2018,Cilic M.,Harrison R.,6,45.0,CRO,2005,89,198,Right,USA,2007.0,84.0,185.0,Right,Yes,-39.0,Medium,Yes
2018,Sandgren T.,Marterer M.,97,94.0,USA,2011,87,188,Right,GER,2015.0,84.0,191.0,Left,No,3.0,Low,No
2018,Thiem D.,Mannarino A.,5,27.0,AUT,2011,82,185,Right,FRA,2004.0,70.0,180.0,Left,Yes,-22.0,Low,No
2018,Fognini F.,Benneteau J.,25,59.0,ITA,2004,74,178,Right,FRA,2000.0,79.0,185.0,Right,Yes,-34.0,Medium,Yes
2018,Chung H.,Zverev A.,58,4.0,KOR,2014,87,188,Right,GER,2013.0,86.0,198.0,Right,No,54.0,Medium,Yes
2018,Fucsovics M.,Kicker N.,80,93.0,HUN,2010,82,188,Right,ARG,2009.0,75.0,178.0,Right,Yes,-13.0,Low,Yes
2018,Berdych T.,Del Potro J.M.,20,10.0,CZE,2002,91,196,Right,ARG,2005.0,97.0,198.0,Right,No,10.0,Low,Yes
2018,Djokovic N.,Ramos-Vinolas A.,14,22.0,SRB,2003,77,188,Right,ESP,2007.0,80.0,188.0,Left,Yes,-8.0,Low,No
2018,Federer R.,Gasquet R.,2,31.0,SUI,1998,85,185,Right,FRA,2002.0,75.0,185.0,Right,Yes,-29.0,Low,Yes
2018,Cilic M.,Carreno Busta P.,6,11.0,CRO,2005,89,198,Right,ESP,2009.0,78.0,188.0,Right,Yes,-5.0,Low,Yes
2018,Nadal R.,Schwartzman D.,1,26.0,ESP,2001,85,185,Left,ARG,2010.0,64.0,170.0,Right,Yes,-25.0,Low,No
2018,Edmund K.,Seppi A.,49,76.0,GBR,2012,83,188,Right,ITA,2002.0,75.0,191.0,Right,Yes,-27.0,Low,Yes
2018,Dimitrov G.,Kyrgios N.,3,17.0,BUL,2008,80,191,Right,AUS,2013.0,85.0,193.0,Right,Yes,-14.0,Low,Yes
2018,Berdych T.,Fognini F.,20,25.0,CZE,2002,91,196,Right,ITA,2004.0,74.0,178.0,Right,Yes,-5.0,Low,Yes
2018,Federer R.,Fucsovics M.,2,80.0,SUI,1998,85,185,Right,HUN,2010.0,82.0,188.0,Right,Yes,-78.0,High,Yes
2018,Sandgren T.,Thiem D.,97,5.0,USA,2011,87,188,Right,AUT,2011.0,82.0,185.0,Right,No,92.0,High,Yes
2018,Chung H.,Djokovic N.,58,14.0,KOR,2014,87,188,Right,SRB,2003.0,77.0,188.0,Right,No,44.0,Medium,Yes
2018,Edmund K.,Dimitrov G.,49,3.0,GBR,2012,83,188,Right,BUL,2008.0,80.0,191.0,Right,No,46.0,Medium,Yes
2018,Cilic M.,Nadal R.,6,1.0,CRO,2005,89,198,Right,ESP,2001.0,85.0,185.0,Left,No,5.0,Low,No
2018,Chung H.,Sandgren T.,58,97.0,KOR,2014,87,188,Right,USA,2011.0,87.0,188.0,Right,Yes,-39.0,Medium,Yes
2018,Federer R.,Berdych T.,2,20.0,SUI,1998,85,185,Right,CZE,2002.0,91.0,196.0,Right,Yes,-18.0,Low,Yes
2018,Cilic M.,Edmund K.,6,49.0,CRO,2005,89,198,Right,GBR,2012.0,83.0,188.0,Right,Yes,-43.0,Medium,Yes
2018,Federer R.,Chung H.,2,58.0,SUI,1998,85,185,Right,KOR,2014.0,87.0,188.0,Right,Yes,-56.0,Medium,Yes
2018,Federer R.,Cilic M.,2,6.0,SUI,1998,85,185,Right,CRO,2005.0,89.0,198.0,Right,Yes,-4.0,Low,Yes
2017,De Minaur A.,Melzer G.,301,87.0,AUS,2015,69,180,Right,AUT,2007.0,80.0,188.0,Left,No,214.0,High,No
2017,Chardy J.,Almagro N.,72,42.0,FRA,2005,75,188,Right,ESP,2003.0,86.0,183.0,Right,No,30.0,Low,Yes
2017,Troicki V.,Dzumhur D.,35,78.0,SRB,2006,86,193,Right,BIH,2011.0,70.0,175.0,Right,Yes,-43.0,Medium,Yes
2017,Estrella Burgos V.,Bedene A.,103,109.0,DOM,2002,77,170,Right,GBR,2008.0,72.0,183.0,Right,Yes,-6.0,Low,Yes
2017,Harrison R.,Mahut N.,82,41.0,USA,2007,84,185,Right,FRA,2000.0,80.0,191.0,Right,No,41.0,Medium,Yes
2017,Nishikori K.,Kuznetsov An.,5,45.0,JPN,2007,75,178,Right,RUS,2008.0,70.0,183.0,Right,Yes,-40.0,Medium,Yes
2017,Zverev M.,Garcia-Lopez G.,50,74.0,GER,2005,88,191,Left,ESP,2002.0,80.0,185.0,Right,Yes,-24.0,Low,No
2017,Querrey S.,Halys Q.,32,155.0,USA,2006,95,198,Right,FRA,2012.0,78.0,191.0,Right,Yes,-123.0,High,Yes
2017,Berdych T.,Vanni L.,10,157.0,CZE,2002,91,196,Right,ITA,2006.0,94.0,198.0,Right,Yes,-147.0,High,Yes
2017,Tomic B.,Bellucci T.,27,62.0,AUS,2008,91,196,Right,BRA,2005.0,82.0,188.0,Left,Yes,-35.0,Medium,No
2017,Rublev A.,Lu Y.H.,152,60.0,RUS,2014,68,188,Right,TPE,2001.0,74.0,180.0,Right,No,92.0,High,Yes
2017,Isner J.,Kravchuk K.,19,88.0,USA,2007,108,208,Right,RUS,2004.0,80.0,191.0,Right,Yes,-69.0,Medium,Yes
2017,Cilic M.,Janowicz J.,7,273.0,CRO,2005,89,198,Right,POL,2007.0,94.0,203.0,Right,Yes,-266.0,High,Yes
2017,Jaziri M.,Soeda G.,56,139.0,TUN,2003,82,185,Right,JPN,2003.0,73.0,178.0,Right,Yes,-83.0,High,Yes
2017,Murray A.,Marchenko I.,1,95.0,GBR,2005,84,191,Right,UKR,2006.0,82.0,185.0,Right,Yes,-94.0,High,Yes
2017,Lajovic D.,Robert S.,94,55.0,SRB,2007,78,183,Right,FRA,2001.0,77.0,185.0,Right,No,39.0,Medium,Yes
2017,Schwartzman D.,Cuevas P.,54,22.0,ARG,2010,64,170,Right,URU,2004.0,80.0,180.0,Right,No,32.0,Medium,Yes
2017,Lacko L.,Ramos-Vinolas A.,121,26.0,SVK,2005,85,185,Right,ESP,2007.0,80.0,188.0,Left,No,95.0,High,No
2017,Khachanov K.,Mannarino A.,52,61.0,RUS,2013,88,198,Right,FRA,2004.0,70.0,180.0,Left,Yes,-9.0,Low,No
2017,Lorenzi P.,Duckworth J.,43,107.0,ITA,2003,77,183,Right,AUS,2010.0,82.0,183.0,Right,Yes,-64.0,Medium,Yes
2017,Seppi A.,Mathieu P.H.,89,75.0,ITA,2002,75,191,Right,FRA,1999.0,74.0,185.0,Right,No,14.0,Low,Yes
2017,Rubin N.,Fratangelo B.,200,113.0,USA,2015,68,175,Right,USA,2012.0,79.0,183.0,Right,No,87.0,High,Yes
2017,Bublik A.,Pouille L.,207,16.0,KAZ,2014,76,196,Right,FRA,2012.0,81.0,185.0,Right,No,191.0,High,Yes
2017,Sela D.,Granollers M.,67,38.0,ISR,2002,65,175,Right,ESP,2003.0,77.0,191.0,Right,No,29.0,Low,Yes
2017,Evans D.,Bagnis F.,51,65.0,GBR,2006,75,175,Right,ARG,2008.0,82.0,183.0,Left,Yes,-14.0,Low,No
2017,Tsonga J.W.,Monteiro T.,12,83.0,FRA,2004,91,188,Right,BRA,2011.0,78.0,183.0,Left,Yes,-71.0,Medium,No
2017,Sock J.,Herbert P.H.,20,73.0,USA,2011,84,191,Right,FRA,2010.0,79.0,188.0,Right,Yes,-53.0,Medium,Yes
2017,Johnson S.,Delbonis F.,30,44.0,USA,2012,86,188,Right,ARG,2007.0,88.0,191.0,Left,Yes,-14.0,Low,No
2017,Kyrgios N.,Elias G.,13,77.0,AUS,2013,85,193,Right,POR,2008.0,76.0,183.0,Right,Yes,-64.0,Medium,Yes
2017,Wawrinka S.,Klizan M.,4,34.0,SUI,2002,81,183,Right,SVK,2007.0,80.0,191.0,Left,Yes,-30.0,Low,No
2017,Darcis S.,Groth S.,71,162.0,BEL,2003,77,178,Right,AUS,2006.0,100.0,193.0,Right,Yes,-91.0,High,Yes
2017,Federer R.,Melzer J.,17,300.0,SUI,1998,85,185,Right,AUT,1999.0,81.0,183.0,Left,Yes,-283.0,High,No
2017,Kohlschreiber P.,Basilashvili N.,33,92.0,GER,2001,70,178,Right,GEO,2008.0,79.0,185.0,Right,Yes,-59.0,Medium,Yes
2017,Dutra Silva R.,Donaldson J.,439,101.0,BRA,2003,73,178,Right,USA,2014.0,75.0,188.0,Right,No,338.0,High,Yes
2017,Young D.,Fabbiano T.,85,141.0,USA,2004,79,183,Left,ITA,2005.0,69.0,173.0,Right,Yes,-56.0,Medium,No
2017,Simon G.,Mmoh M.,25,190.0,FRA,2002,70,183,Right,USA,2016.0,85.0,185.0,Right,Yes,-165.0,High,Yes
2017,Zverev A.,Haase R.,24,57.0,GER,2013,86,198,Right,NED,2005.0,71.0,191.0,Right,Yes,-33.0,Medium,Yes
2017,Berlocq C.,Albot R.,90,96.0,ARG,2001,81,183,Right,MDA,2008.0,69.0,175.0,Right,Yes,-6.0,Low,Yes
2017,Nishioka Y.,Bolt A.,99,632.0,JPN,2014,64,170,Left,AUS,2011.0,84.0,183.0,Left,Yes,-533.0,High,Yes
2017,Raonic M.,Brown D.,3,66.0,CAN,2008,98,196,Right,GER,2002.0,78.0,196.0,Right,Yes,-63.0,Medium,Yes
2017,Goffin D.,Opelka R.,11,208.0,BEL,2009,68,180,Right,USA,2015.0,100.0,211.0,Right,Yes,-197.0,High,Yes
2017,Tiafoe F.,Kukushkin M.,108,98.0,USA,2015,77,188,Right,KAZ,2006.0,72.0,183.0,Right,No,10.0,Low,Yes
2017,Carreno Busta P.,Polansky P.,31,132.0,ESP,2009,78,188,Right,CAN,2006.0,79.0,183.0,Right,Yes,-101.0,High,Yes
2017,Nadal R.,Mayer F.,9,49.0,ESP,2001,85,185,Left,GER,2001.0,82.0,191.0,Right,Yes,-40.0,Medium,No
2017,Edmund K.,Giraldo S.,46,91.0,GBR,2012,83,188,Right,COL,2004.0,75.0,188.0,Right,Yes,-45.0,Medium,Yes
2017,Baghdatis M.,Youzhny M.,36,70.0,CYP,2003,82,178,Right,RUS,1999.0,73.0,183.0,Right,Yes,-34.0,Medium,Yes
2017,Thiem D.,Struff J.L.,8,58.0,AUT,2011,82,185,Right,GER,2009.0,87.0,196.0,Right,Yes,-50.0,Medium,Yes
2017,Muller G.,Fritz T.,28,93.0,LUX,2001,89,193,Left,USA,2015.0,84.0,193.0,Right,Yes,-65.0,Medium,No
2017,Whittington A.,Pavlasek A.,194,86.0,AUS,2012,82,188,Right,CZE,2012.0,76.0,185.0,Right,No,108.0,High,Yes
2017,Bautista Agut R.,Pella G.,14,81.0,ESP,2005,76,183,Right,ARG,2007.0,83.0,185.0,Left,Yes,-67.0,Medium,No
2017,Gasquet R.,Mott B.,18,287.0,FRA,2002,75,185,Right,,,,,,Yes,-269.0,High,
2017,Dolgopolov O.,Coric B.,69,59.0,UKR,2006,71,180,Right,CRO,2013.0,79.0,185.0,Right,No,10.0,Low,Yes
2017,Thompson J.,Sousa J.,76,37.0,AUS,2013,73,183,Right,POR,2008.0,74.0,185.0,Right,No,39.0,Medium,Yes
2017,Stepanek R.,Tursunov D.,102,405.0,CZE,1996,76,185,Right,RUS,2000.0,82.0,185.0,Right,Yes,-303.0,High,Yes
2017,Karlovic I.,Zeballos H.,21,68.0,CRO,2000,104,211,Right,ARG,2003.0,83.0,188.0,Left,Yes,-47.0,Medium,No
2017,Escobedo E.,Medvedev D.,131,63.0,USA,2014,82,185,Right,RUS,2014.0,81.0,198.0,Right,No,68.0,Medium,Yes
2017,Chung H.,Olivo R.,105,79.0,KOR,2014,87,188,Right,ARG,2009.0,73.0,180.0,Right,No,26.0,Low,Yes
2017,Ferrer D.,Jasika O.,23,290.0,ESP,2000,73,175,Right,AUS,2014.0,60.0,183.0,Left,Yes,-267.0,High,No
2017,Paire B.,Haas T.,47,,FRA,2007,80,196,Right,GER,1996.0,84.0,188.0,Right,,,,Yes
2017,Monfils G.,Vesely J.,6,53.0,FRA,2004,80,193,Right,CZE,2009.0,92.0,198.0,Left,Yes,-47.0,Medium,No
2017,Fognini F.,Lopez F.,48,29.0,ITA,2004,74,178,Right,ESP,1997.0,73.0,185.0,Left,No,19.0,Low,No
2017,Dimitrov G.,O'Connell C.,15,231.0,BUL,2008,80,191,Right,,,,,,Yes,-216.0,High,
2017,Djokovic N.,Verdasco F.,2,40.0,SRB,2003,77,188,Right,ESP,2001.0,87.0,185.0,Left,Yes,-38.0,Medium,No
2017,Istomin D.,Dodig I.,117,170.0,UZB,2004,88,188,Right,CRO,2004.0,83.0,183.0,Right,Yes,-53.0,Medium,Yes
2017,Nishikori K.,Chardy J.,5,72.0,JPN,2007,75,178,Right,FRA,2005.0,75.0,188.0,Right,Yes,-67.0,Medium,Yes
2017,Jaziri M.,Bublik A.,56,207.0,TUN,2003,82,185,Right,KAZ,2014.0,76.0,196.0,Right,Yes,-151.0,High,Yes
2017,Tsonga J.W.,Lajovic D.,12,94.0,FRA,2004,91,188,Right,SRB,2007.0,78.0,183.0,Right,Yes,-82.0,High,Yes
2017,Lacko L.,Sela D.,121,67.0,SVK,2005,85,185,Right,ISR,2002.0,65.0,175.0,Right,No,54.0,Medium,Yes
2017,Zverev M.,Isner J.,50,19.0,GER,2005,88,191,Left,USA,2007.0,108.0,208.0,Right,No,31.0,Medium,No
2017,Berdych T.,Harrison R.,10,82.0,CZE,2002,91,196,Right,USA,2007.0,84.0,185.0,Right,Yes,-72.0,Medium,Yes
2017,Wawrinka S.,Johnson S.,4,30.0,SUI,2002,81,183,Right,USA,2012.0,86.0,188.0,Right,Yes,-26.0,Low,Yes
2017,Troicki V.,Lorenzi P.,35,43.0,SRB,2006,86,193,Right,ITA,2003.0,77.0,183.0,Right,Yes,-8.0,Low,Yes
2017,Federer R.,Rubin N.,17,200.0,SUI,1998,85,185,Right,USA,2015.0,68.0,175.0,Right,Yes,-183.0,High,Yes
2017,Darcis S.,Schwartzman D.,71,54.0,BEL,2003,77,178,Right,ARG,2010.0,64.0,170.0,Right,No,17.0,Low,Yes
2017,Querrey S.,De Minaur A.,32,301.0,USA,2006,95,198,Right,AUS,2015.0,69.0,180.0,Right,Yes,-269.0,High,Yes
2017,Seppi A.,Kyrgios N.,89,13.0,ITA,2002,75,191,Right,AUS,2013.0,85.0,193.0,Right,No,76.0,High,Yes
2017,Evans D.,Cilic M.,51,7.0,GBR,2006,75,175,Right,CRO,2005.0,89.0,198.0,Right,No,44.0,Medium,Yes
2017,Sock J.,Khachanov K.,20,52.0,USA,2011,84,191,Right,RUS,2013.0,88.0,198.0,Right,Yes,-32.0,Medium,Yes
2017,Tomic B.,Estrella Burgos V.,27,103.0,AUS,2008,91,196,Right,DOM,2002.0,77.0,170.0,Right,Yes,-76.0,High,Yes
2017,Murray A.,Rublev A.,1,152.0,GBR,2005,84,191,Right,RUS,2014.0,68.0,188.0,Right,Yes,-151.0,High,Yes
2017,Gasquet R.,Berlocq C.,18,90.0,FRA,2002,75,185,Right,ARG,2001.0,81.0,183.0,Right,Yes,-72.0,Medium,Yes
2017,Carreno Busta P.,Edmund K.,31,46.0,ESP,2009,78,188,Right,GBR,2012.0,83.0,188.0,Right,Yes,-15.0,Low,Yes
2017,Kohlschreiber P.,Young D.,33,85.0,GER,2001,70,178,Right,USA,2004.0,79.0,183.0,Left,Yes,-52.0,Medium,No
2017,Simon G.,Dutra Silva R.,25,439.0,FRA,2002,70,183,Right,BRA,2003.0,73.0,178.0,Right,Yes,-414.0,High,Yes
2017,Bautista Agut R.,Nishioka Y.,14,99.0,ESP,2005,76,183,Right,JPN,2014.0,64.0,170.0,Left,Yes,-85.0,High,No
2017,Dimitrov G.,Chung H.,15,105.0,BUL,2008,80,191,Right,KOR,2014.0,87.0,188.0,Right,Yes,-90.0,High,Yes
2017,Ferrer D.,Escobedo E.,23,131.0,ESP,2000,73,175,Right,USA,2014.0,82.0,185.0,Right,Yes,-108.0,High,Yes
2017,Istomin D.,Djokovic N.,117,2.0,UZB,2004,88,188,Right,SRB,2003.0,77.0,188.0,Right,No,115.0,High,Yes
2017,Raonic M.,Muller G.,3,28.0,CAN,2008,98,196,Right,LUX,2001.0,89.0,193.0,Left,Yes,-25.0,Low,No
2017,Goffin D.,Stepanek R.,11,102.0,BEL,2009,68,180,Right,CZE,1996.0,76.0,185.0,Right,Yes,-91.0,High,Yes
2017,Monfils G.,Dolgopolov O.,6,69.0,FRA,2004,80,193,Right,UKR,2006.0,71.0,180.0,Right,Yes,-63.0,Medium,Yes
2017,Karlovic I.,Whittington A.,21,194.0,CRO,2000,104,211,Right,AUS,2012.0,82.0,188.0,Right,Yes,-173.0,High,Yes
2017,Zverev A.,Tiafoe F.,24,108.0,GER,2013,86,198,Right,USA,2015.0,77.0,188.0,Right,Yes,-84.0,High,Yes
2017,Paire B.,Fognini F.,47,48.0,FRA,2007,80,196,Right,ITA,2004.0,74.0,178.0,Right,Yes,-1.0,Low,Yes
2017,Thiem D.,Thompson J.,8,76.0,AUT,2011,82,185,Right,AUS,2013.0,73.0,183.0,Right,Yes,-68.0,Medium,Yes
2017,Nadal R.,Baghdatis M.,9,36.0,ESP,2001,85,185,Left,CYP,2003.0,82.0,178.0,Right,Yes,-27.0,Low,No
2017,Seppi A.,Darcis S.,89,71.0,ITA,2002,75,191,Right,BEL,2003.0,77.0,178.0,Right,No,18.0,Low,Yes
2017,Tsonga J.W.,Sock J.,12,20.0,FRA,2004,91,188,Right,USA,2011.0,84.0,191.0,Right,Yes,-8.0,Low,Yes
2017,Zverev M.,Jaziri M.,50,56.0,GER,2005,88,191,Left,TUN,2003.0,82.0,185.0,Right,Yes,-6.0,Low,No
2017,Wawrinka S.,Troicki V.,4,35.0,SUI,2002,81,183,Right,SRB,2006.0,86.0,193.0,Right,Yes,-31.0,Medium,Yes
2017,Murray A.,Querrey S.,1,32.0,GBR,2005,84,191,Right,USA,2006.0,95.0,198.0,Right,Yes,-31.0,Medium,Yes
2017,Evans D.,Tomic B.,51,27.0,GBR,2006,75,175,Right,AUS,2008.0,91.0,196.0,Right,No,24.0,Low,Yes
2017,Nishikori K.,Lacko L.,5,121.0,JPN,2007,75,178,Right,SVK,2005.0,85.0,185.0,Right,Yes,-116.0,High,Yes
2017,Federer R.,Berdych T.,17,10.0,SUI,1998,85,185,Right,CZE,2002.0,91.0,196.0,Right,No,7.0,Low,Yes
2017,Goffin D.,Karlovic I.,11,21.0,BEL,2009,68,180,Right,CRO,2000.0,104.0,211.0,Right,Yes,-10.0,Low,Yes
2017,Thiem D.,Paire B.,8,47.0,AUT,2011,82,185,Right,FRA,2007.0,80.0,196.0,Right,Yes,-39.0,Medium,Yes
2017,Bautista Agut R.,Ferrer D.,14,23.0,ESP,2005,76,183,Right,ESP,2000.0,73.0,175.0,Right,Yes,-9.0,Low,Yes
2017,Istomin D.,Carreno Busta P.,117,31.0,UZB,2004,88,188,Right,ESP,2009.0,78.0,188.0,Right,No,86.0,High,Yes
2017,Nadal R.,Zverev A.,9,24.0,ESP,2001,85,185,Left,GER,2013.0,86.0,198.0,Right,Yes,-15.0,Low,No
2017,Raonic M.,Simon G.,3,25.0,CAN,2008,98,196,Right,FRA,2002.0,70.0,183.0,Right,Yes,-22.0,Low,Yes
2017,Monfils G.,Kohlschreiber P.,6,33.0,FRA,2004,80,193,Right,GER,2001.0,70.0,178.0,Right,Yes,-27.0,Low,Yes
2017,Dimitrov G.,Gasquet R.,15,18.0,BUL,2008,80,191,Right,FRA,2002.0,75.0,185.0,Right,Yes,-3.0,Low,Yes
2017,Zverev M.,Murray A.,50,1.0,GER,2005,88,191,Left,GBR,2005.0,84.0,191.0,Right,No,49.0,Medium,No
2017,Wawrinka S.,Seppi A.,4,89.0,SUI,2002,81,183,Right,ITA,2002.0,75.0,191.0,Right,Yes,-85.0,High,Yes
2017,Tsonga J.W.,Evans D.,12,51.0,FRA,2004,91,188,Right,GBR,2006.0,75.0,175.0,Right,Yes,-39.0,Medium,Yes
2017,Federer R.,Nishikori K.,17,5.0,SUI,1998,85,185,Right,JPN,2007.0,75.0,178.0,Right,No,12.0,Low,Yes
2017,Goffin D.,Thiem D.,11,8.0,BEL,2009,68,180,Right,AUT,2011.0,82.0,185.0,Right,No,3.0,Low,Yes
2017,Dimitrov G.,Istomin D.,15,117.0,BUL,2008,80,191,Right,UZB,2004.0,88.0,188.0,Right,Yes,-102.0,High,Yes
2017,Raonic M.,Bautista Agut R.,3,14.0,CAN,2008,98,196,Right,ESP,2005.0,76.0,183.0,Right,Yes,-11.0,Low,Yes
2017,Nadal R.,Monfils G.,9,6.0,ESP,2001,85,185,Left,FRA,2004.0,80.0,193.0,Right,No,3.0,Low,No
2017,Wawrinka S.,Tsonga J.W.,4,12.0,SUI,2002,81,183,Right,FRA,2004.0,91.0,188.0,Right,Yes,-8.0,Low,Yes
2017,Federer R.,Zverev M.,17,50.0,SUI,1998,85,185,Right,GER,2005.0,88.0,191.0,Left,Yes,-33.0,Medium,No
2017,Dimitrov G.,Goffin D.,15,11.0,BUL,2008,80,191,Right,BEL,2009.0,68.0,180.0,Right,No,4.0,Low,Yes
2017,Nadal R.,Raonic M.,9,3.0,ESP,2001,85,185,Left,CAN,2008.0,98.0,196.0,Right,No,6.0,Low,No
2017,Federer R.,Wawrinka S.,17,4.0,SUI,1998,85,185,Right,SUI,2002.0,81.0,183.0,Right,No,13.0,Low,Yes
2017,Nadal R.,Dimitrov G.,9,15.0,ESP,2001,85,185,Left,BUL,2008.0,80.0,191.0,Right,Yes,-6.0,Low,No
2017,Federer R.,Nadal R.,17,9.0,SUI,1998,85,185,Right,ESP,2001.0,85.0,185.0,Left,No,8.0,Low,No
2016,Basic M.,Haase R.,138,65.0,BIH,2012,88,188,Right,NED,2005.0,71.0,191.0,Right,No,73.0,Medium,Yes
2016,Goffin D.,Stakhovsky S.,16,60.0,BEL,2009,68,180,Right,UKR,2003.0,80.0,193.0,Right,Yes,-44.0,Medium,Yes
2016,Dzumhur D.,Edmund K.,81,88.0,BIH,2011,70,175,Right,GBR,2012.0,83.0,188.0,Right,Yes,-7.0,Low,Yes
2016,Brands D.,Estrella Burgos V.,151,55.0,GER,2005,92,196,Right,DOM,2002.0,77.0,170.0,Right,No,96.0,High,Yes
2016,Nishikori K.,Kohlschreiber P.,7,34.0,JPN,2007,75,178,Right,GER,2001.0,70.0,178.0,Right,Yes,-27.0,Low,Yes
2016,Krajicek A.,Wu D.,103,243.0,USA,2012,79,188,Left,CHN,2009.0,65.0,175.0,Right,Yes,-140.0,High,No
2016,Thiem D.,Mayer L.,20,36.0,AUT,2011,82,185,Right,ARG,2003.0,80.0,191.0,Right,Yes,-16.0,Low,Yes
2016,Delbonis F.,Karlovic I.,53,24.0,ARG,2007,88,191,Left,CRO,2000.0,104.0,211.0,Right,No,29.0,Low,No
2016,Cilic M.,De Bakker T.,13,98.0,CRO,2005,89,198,Right,NED,2005.0,83.0,193.0,Right,Yes,-85.0,High,Yes
2016,Donskoy E.,Cervantes I.,91,72.0,RUS,2007,74,185,Right,ESP,2009.0,78.0,183.0,Right,No,19.0,Low,Yes
2016,Berdych T.,Bhambri Y.,6,96.0,CZE,2002,91,196,Right,IND,2008.0,77.0,183.0,Right,Yes,-90.0,High,Yes
2016,Herbert P.H.,Andujar P.,167,62.0,FRA,2010,79,188,Right,ESP,2003.0,76.0,180.0,Right,No,105.0,High,Yes
2016,Almagro N.,Benneteau J.,73,696.0,ESP,2003,86,183,Right,FRA,2000.0,79.0,185.0,Right,Yes,-623.0,High,Yes
2016,Garcia-Lopez G.,Mathieu P.H.,27,97.0,ESP,2002,80,185,Right,FRA,1999.0,74.0,185.0,Right,Yes,-70.0,Medium,Yes
2016,Simon G.,Pospisil V.,15,39.0,FRA,2002,70,183,Right,CAN,2007.0,84.0,193.0,Right,Yes,-24.0,Low,Yes
2016,Ramos-Vinolas A.,Coric B.,61,40.0,ESP,2007,80,188,Left,CRO,2013.0,79.0,185.0,Right,No,21.0,Low,No
2016,Olivo R.,Vesely J.,174,50.0,ARG,2009,73,180,Right,CZE,2009.0,92.0,198.0,Left,No,124.0,High,No
2016,Djokovic N.,Chung H.,1,52.0,SRB,2003,77,188,Right,KOR,2014.0,87.0,188.0,Right,Yes,-51.0,Medium,Yes
2016,Kudla D.,Krajinovic F.,69,102.0,USA,2010,75,180,Right,SRB,2008.0,75.0,185.0,Right,Yes,-33.0,Medium,Yes
2016,Dolgopolov O.,Berankis R.,35,85.0,UKR,2006,71,180,Right,LTU,2007.0,70.0,175.0,Right,Yes,-50.0,Medium,Yes
2016,Lajovic D.,Querrey S.,77,58.0,SRB,2007,78,183,Right,USA,2006.0,95.0,198.0,Right,No,19.0,Low,Yes
2016,Cuevas P.,Nishioka Y.,41,117.0,URU,2004,80,180,Right,JPN,2014.0,64.0,170.0,Left,Yes,-76.0,High,No
2016,Rubin N.,Paire B.,328,18.0,USA,2015,68,175,Right,FRA,2007.0,80.0,196.0,Right,No,310.0,High,Yes
2016,Halys Q.,Dodig I.,187,78.0,FRA,2012,78,191,Right,CRO,2004.0,83.0,183.0,Right,No,109.0,High,Yes
2016,Jasika O.,Marchenko I.,310,76.0,AUS,2014,60,183,Left,UKR,2006.0,82.0,185.0,Right,No,234.0,High,No
2016,Dimitrov G.,Lorenzi P.,28,57.0,BUL,2008,80,191,Right,ITA,2003.0,77.0,183.0,Right,Yes,-29.0,Low,Yes
2016,Seppi A.,Gabashvili T.,29,44.0,ITA,2002,75,191,Right,RUS,2001.0,83.0,188.0,Right,Yes,-15.0,Low,Yes
2016,Trungelliti M.,Kovalik J.,210,251.0,ARG,2008,78,180,Right,SVK,2010.0,82.0,183.0,Right,Yes,-41.0,Medium,Yes
2016,Federer R.,Basilashvili N.,3,118.0,SUI,1998,85,185,Right,GEO,2008.0,79.0,185.0,Right,Yes,-115.0,High,Yes
2016,Kyrgios N.,Carreno-Busta P.,30,68.0,AUS,2013,85,193,Right,ESP,2009.0,78.0,188.0,Right,Yes,-38.0,Medium,Yes
2016,Bautista R.,Klizan M.,21,43.0,ESP,2005,76,183,Right,SVK,2007.0,80.0,191.0,Left,Yes,-22.0,Low,No
2016,Tsonga J.W.,Baghdatis M.,10,46.0,FRA,2004,91,188,Right,CYP,2003.0,82.0,178.0,Right,Yes,-36.0,Medium,Yes
2016,Kuznetsov An.,Harrison R.,74,134.0,RUS,2008,70,183,Right,USA,2007.0,84.0,185.0,Right,Yes,-60.0,Medium,Yes
2016,Groth S.,Mannarino A.,67,48.0,AUS,2006,100,193,Right,FRA,2004.0,70.0,180.0,Left,No,19.0,Low,No
2016,Millman J.,Schwartzman D.,95,89.0,AUS,2006,79,183,Right,ARG,2010.0,64.0,170.0,Right,No,6.0,Low,Yes
2016,Raonic M.,Pouille L.,14,90.0,CAN,2008,98,196,Right,FRA,2012.0,81.0,185.0,Right,Yes,-76.0,High,Yes
2016,Robert S.,Fratangelo B.,225,132.0,FRA,2001,77,185,Right,USA,2012.0,79.0,183.0,Right,No,93.0,High,Yes
2016,Chardy J.,Gulbis E.,31,79.0,FRA,2005,75,188,Right,LAT,2004.0,88.0,193.0,Right,Yes,-48.0,Medium,Yes
2016,Muller G.,Fognini F.,38,23.0,LUX,2001,89,193,Left,ITA,2004.0,74.0,178.0,Right,No,15.0,Low,No
2016,Sousa J.,Kukushkin M.,33,94.0,POR,2008,74,185,Right,KAZ,2006.0,72.0,183.0,Right,Yes,-61.0,Medium,Yes
2016,Ram R.,Anderson K.,93,12.0,USA,2004,82,193,Right,RSA,2007.0,93.0,203.0,Right,No,81.0,High,Yes
2016,Granollers M.,Ebden M.,80,106.0,ESP,2003,77,191,Right,AUS,2006.0,80.0,188.0,Right,Yes,-26.0,Low,Yes
2016,Murray A.,Zverev A.,2,83.0,GBR,2005,84,191,Right,GER,2013.0,86.0,198.0,Right,Yes,-81.0,High,Yes
2016,Lopez F.,Evans D.,19,185.0,ESP,1997,73,185,Left,GBR,2006.0,75.0,175.0,Right,Yes,-166.0,High,No
2016,Pella G.,Darcis S.,75,110.0,ARG,2007,83,185,Left,BEL,2003.0,77.0,178.0,Right,Yes,-35.0,Medium,No
2016,Robredo T.,Jaziri M.,42,104.0,ESP,1998,75,180,Right,TUN,2003.0,82.0,185.0,Right,Yes,-62.0,Medium,Yes
2016,Giraldo S.,Young D.,70,47.0,COL,2004,75,188,Right,USA,2004.0,79.0,183.0,Left,No,23.0,Low,No
2016,Verdasco F.,Nadal R.,45,5.0,ESP,2001,87,185,Left,ESP,2001.0,85.0,185.0,Left,No,40.0,Medium,Yes
2016,Isner J.,Janowicz J.,11,56.0,USA,2007,108,208,Right,POL,2007.0,94.0,203.0,Right,Yes,-45.0,Medium,Yes
2016,Sela D.,Becker B.,87,101.0,ISR,2002,65,175,Right,GER,2005.0,72.0,178.0,Right,Yes,-14.0,Low,Yes
2016,Johnson S.,Bedene A.,32,49.0,USA,2012,86,188,Right,GBR,2008.0,72.0,183.0,Right,Yes,-17.0,Low,Yes
2016,Smyczek T.,Gimeno-Traver D.,108,100.0,USA,2006,73,175,Right,ESP,2004.0,80.0,183.0,Right,No,8.0,Low,Yes
2016,Bellucci T.,Thompson J.,37,143.0,BRA,2005,82,188,Left,AUS,2013.0,73.0,183.0,Right,Yes,-106.0,High,No
2016,Monfils G.,Sugita Y.,25,124.0,FRA,2004,80,193,Right,JPN,2006.0,70.0,175.0,Right,Yes,-99.0,High,Yes
2016,Mahut N.,Cecchinato M.,63,92.0,FRA,2000,80,191,Right,ITA,2010.0,78.0,185.0,Right,Yes,-29.0,Low,Yes
2016,Bolelli S.,Baker B.,64,,ITA,2003,83,183,Right,USA,2003.0,77.0,191.0,Right,,,,Yes
2016,Tomic B.,Istomin D.,17,59.0,AUS,2008,91,196,Right,UZB,2004.0,88.0,188.0,Right,Yes,-42.0,Medium,Yes
2016,Ferrer D.,Gojowczyk P.,8,223.0,ESP,2000,73,175,Right,GER,2006.0,83.0,188.0,Right,Yes,-215.0,High,Yes
2016,Stepanek R.,Ito T.,188,125.0,CZE,1996,76,185,Right,JPN,2006.0,75.0,180.0,Right,No,63.0,Medium,Yes
2016,Rosol L.,Daniel T.,51,99.0,CZE,2004,84,196,Right,JPN,2010.0,76.0,191.0,Right,Yes,-48.0,Medium,Yes
2016,Sock J.,Fritz T.,22,155.0,USA,2011,84,191,Right,USA,2015.0,84.0,193.0,Right,Yes,-133.0,High,Yes
2016,Troicki V.,Munoz-De La Nava D.,26,71.0,SRB,2006,86,193,Right,ESP,1999.0,75.0,175.0,Left,Yes,-45.0,Medium,No
2016,Hewitt L.,Duckworth J.,308,129.0,AUS,1998,77,178,Right,AUS,2010.0,82.0,183.0,Right,No,179.0,High,Yes
2016,Wawrinka S.,Tursunov D.,4,,SUI,2002,81,183,Right,RUS,2000.0,82.0,185.0,Right,,,,Yes
2016,Nishikori K.,Krajicek A.,7,103.0,JPN,2007,75,178,Right,USA,2012.0,79.0,188.0,Left,Yes,-96.0,High,No
2016,Goffin D.,Dzumhur D.,16,81.0,BEL,2009,68,180,Right,BIH,2011.0,70.0,175.0,Right,Yes,-65.0,Medium,Yes
2016,Delbonis F.,Olivo R.,53,174.0,ARG,2007,88,191,Left,ARG,2009.0,73.0,180.0,Right,Yes,-121.0,High,No
2016,Thiem D.,Almagro N.,20,73.0,AUT,2011,82,185,Right,ESP,2003.0,86.0,183.0,Right,Yes,-53.0,Medium,Yes
2016,Simon G.,Donskoy E.,15,91.0,FRA,2002,70,183,Right,RUS,2007.0,74.0,185.0,Right,Yes,-76.0,High,Yes
2016,Federer R.,Dolgopolov O.,3,35.0,SUI,1998,85,185,Right,UKR,2006.0,71.0,180.0,Right,Yes,-32.0,Medium,Yes
2016,Bautista R.,Lajovic D.,21,77.0,ESP,2005,76,183,Right,SRB,2007.0,78.0,183.0,Right,Yes,-56.0,Medium,Yes
2016,Berdych T.,Basic M.,6,138.0,CZE,2002,91,196,Right,BIH,2012.0,88.0,188.0,Right,Yes,-132.0,High,Yes
2016,Cilic M.,Ramos-Vinolas A.,13,61.0,CRO,2005,89,198,Right,ESP,2007.0,80.0,188.0,Left,Yes,-48.0,Medium,No
2016,Dimitrov G.,Trungelliti M.,28,210.0,BUL,2008,80,191,Right,ARG,2008.0,78.0,180.0,Right,Yes,-182.0,High,Yes
2016,Garcia-Lopez G.,Brands D.,27,151.0,ESP,2002,80,185,Right,GER,2005.0,92.0,196.0,Right,Yes,-124.0,High,Yes
2016,Kyrgios N.,Cuevas P.,30,41.0,AUS,2013,85,193,Right,URU,2004.0,80.0,180.0,Right,Yes,-11.0,Low,Yes
2016,Tsonga J.W.,Jasika O.,10,310.0,FRA,2004,91,188,Right,AUS,2014.0,60.0,183.0,Left,Yes,-300.0,High,No
2016,Herbert P.H.,Rubin N.,167,328.0,FRA,2010,79,188,Right,USA,2015.0,68.0,175.0,Right,Yes,-161.0,High,Yes
2016,Seppi A.,Kudla D.,29,69.0,ITA,2002,75,191,Right,USA,2010.0,75.0,180.0,Right,Yes,-40.0,Medium,Yes
2016,Djokovic N.,Halys Q.,1,187.0,SRB,2003,77,188,Right,FRA,2012.0,78.0,191.0,Right,Yes,-186.0,High,Yes
2016,Isner J.,Granollers M.,11,80.0,USA,2007,108,208,Right,ESP,2003.0,77.0,191.0,Right,Yes,-69.0,Medium,Yes
2016,Monfils G.,Mahut N.,25,63.0,FRA,2004,80,193,Right,FRA,2000.0,80.0,191.0,Right,Yes,-38.0,Medium,Yes
2016,Sousa J.,Giraldo S.,33,70.0,POR,2008,74,185,Right,COL,2004.0,75.0,188.0,Right,Yes,-37.0,Medium,Yes
2016,Robert S.,Ram R.,225,93.0,FRA,2001,77,185,Right,USA,2004.0,82.0,193.0,Right,No,132.0,High,Yes
2016,Raonic M.,Robredo T.,14,42.0,CAN,2008,98,196,Right,ESP,1998.0,75.0,180.0,Right,Yes,-28.0,Low,Yes
2016,Lopez F.,Pella G.,19,75.0,ESP,1997,73,185,Left,ARG,2007.0,83.0,185.0,Left,Yes,-56.0,Medium,Yes
2016,Murray A.,Groth S.,2,67.0,GBR,2005,84,191,Right,AUS,2006.0,100.0,193.0,Right,Yes,-65.0,Medium,Yes
2016,Sela D.,Verdasco F.,87,45.0,ISR,2002,65,175,Right,ESP,2001.0,87.0,185.0,Left,No,42.0,Medium,No
2016,Troicki V.,Smyczek T.,26,108.0,SRB,2006,86,193,Right,USA,2006.0,73.0,175.0,Right,Yes,-82.0,High,Yes
2016,Johnson S.,Bellucci T.,32,37.0,USA,2012,86,188,Right,BRA,2005.0,82.0,188.0,Left,Yes,-5.0,Low,No
2016,Millman J.,Muller G.,95,38.0,AUS,2006,79,183,Right,LUX,2001.0,89.0,193.0,Left,No,57.0,Medium,No
2016,Kuznetsov An.,Chardy J.,74,31.0,RUS,2008,70,183,Right,FRA,2005.0,75.0,188.0,Right,No,43.0,Medium,Yes
2016,Rosol L.,Sock J.,51,22.0,CZE,2004,84,196,Right,USA,2011.0,84.0,191.0,Right,No,29.0,Low,Yes
2016,Wawrinka S.,Stepanek R.,4,188.0,SUI,2002,81,183,Right,CZE,1996.0,76.0,185.0,Right,Yes,-184.0,High,Yes
2016,Ferrer D.,Hewitt L.,8,308.0,ESP,2000,73,175,Right,AUS,1998.0,77.0,178.0,Right,Yes,-300.0,High,Yes
2016,Tomic B.,Bolelli S.,17,64.0,AUS,2008,91,196,Right,ITA,2003.0,83.0,183.0,Right,Yes,-47.0,Medium,Yes
2016,Goffin D.,Thiem D.,16,20.0,BEL,2009,68,180,Right,AUT,2011.0,82.0,185.0,Right,Yes,-4.0,Low,Yes
2016,Nishikori K.,Garcia-Lopez G.,7,27.0,JPN,2007,75,178,Right,ESP,2002.0,80.0,185.0,Right,Yes,-20.0,Low,Yes
2016,Tsonga J.W.,Herbert P.H.,10,167.0,FRA,2004,91,188,Right,FRA,2010.0,79.0,188.0,Right,Yes,-157.0,High,Yes
2016,Federer R.,Dimitrov G.,3,28.0,SUI,1998,85,185,Right,BUL,2008.0,80.0,191.0,Right,Yes,-25.0,Low,Yes
2016,Simon G.,Delbonis F.,15,53.0,FRA,2002,70,183,Right,ARG,2007.0,88.0,191.0,Left,Yes,-38.0,Medium,No
2016,Djokovic N.,Seppi A.,1,29.0,SRB,2003,77,188,Right,ITA,2002.0,75.0,191.0,Right,Yes,-28.0,Low,Yes
2016,Bautista R.,Cilic M.,21,13.0,ESP,2005,76,183,Right,CRO,2005.0,89.0,198.0,Right,No,8.0,Low,Yes
2016,Berdych T.,Kyrgios N.,6,30.0,CZE,2002,91,196,Right,AUS,2013.0,85.0,193.0,Right,Yes,-24.0,Low,Yes
2016,Isner J.,Lopez F.,11,19.0,USA,2007,108,208,Right,ESP,1997.0,73.0,185.0,Left,Yes,-8.0,Low,No
2016,Raonic M.,Troicki V.,14,26.0,CAN,2008,98,196,Right,SRB,2006.0,86.0,193.0,Right,Yes,-12.0,Low,Yes
2016,Wawrinka S.,Rosol L.,4,51.0,SUI,2002,81,183,Right,CZE,2004.0,84.0,196.0,Right,Yes,-47.0,Medium,Yes
2016,Ferrer D.,Johnson S.,8,32.0,ESP,2000,73,175,Right,USA,2012.0,86.0,188.0,Right,Yes,-24.0,Low,Yes
2016,Monfils G.,Robert S.,25,225.0,FRA,2004,80,193,Right,FRA,2001.0,77.0,185.0,Right,Yes,-200.0,High,Yes
2016,Kuznetsov An.,Sela D.,74,87.0,RUS,2008,70,183,Right,ISR,2002.0,65.0,175.0,Right,Yes,-13.0,Low,Yes
2016,Murray A.,Sousa J.,2,33.0,GBR,2005,84,191,Right,POR,2008.0,74.0,185.0,Right,Yes,-31.0,Medium,Yes
2016,Tomic B.,Millman J.,17,95.0,AUS,2008,91,196,Right,AUS,2006.0,79.0,183.0,Right,Yes,-78.0,High,Yes
2016,Nishikori K.,Tsonga J.W.,7,10.0,JPN,2007,75,178,Right,FRA,2004.0,91.0,188.0,Right,Yes,-3.0,Low,Yes
2016,Djokovic N.,Simon G.,1,15.0,SRB,2003,77,188,Right,FRA,2002.0,70.0,183.0,Right,Yes,-14.0,Low,Yes
2016,Berdych T.,Bautista R.,6,21.0,CZE,2002,91,196,Right,ESP,2005.0,76.0,183.0,Right,Yes,-15.0,Low,Yes
2016,Federer R.,Goffin D.,3,16.0,SUI,1998,85,185,Right,BEL,2009.0,68.0,180.0,Right,Yes,-13.0,Low,Yes
2016,Monfils G.,Kuznetsov An.,25,74.0,FRA,2004,80,193,Right,RUS,2008.0,70.0,183.0,Right,Yes,-49.0,Medium,Yes
2016,Raonic M.,Wawrinka S.,14,4.0,CAN,2008,98,196,Right,SUI,2002.0,81.0,183.0,Right,No,10.0,Low,Yes
2016,Ferrer D.,Isner J.,8,11.0,ESP,2000,73,175,Right,USA,2007.0,108.0,208.0,Right,Yes,-3.0,Low,Yes
2016,Murray A.,Tomic B.,2,17.0,GBR,2005,84,191,Right,AUS,2008.0,91.0,196.0,Right,Yes,-15.0,Low,Yes
2016,Federer R.,Berdych T.,3,6.0,SUI,1998,85,185,Right,CZE,2002.0,91.0,196.0,Right,Yes,-3.0,Low,Yes
2016,Djokovic N.,Nishikori K.,1,7.0,SRB,2003,77,188,Right,JPN,2007.0,75.0,178.0,Right,Yes,-6.0,Low,Yes
2016,Murray A.,Ferrer D.,2,8.0,GBR,2005,84,191,Right,ESP,2000.0,73.0,175.0,Right,Yes,-6.0,Low,Yes
2016,Raonic M.,Monfils G.,14,25.0,CAN,2008,98,196,Right,FRA,2004.0,80.0,193.0,Right,Yes,-11.0,Low,Yes
2016,Djokovic N.,Federer R.,1,3.0,SRB,2003,77,188,Right,SUI,1998.0,85.0,185.0,Right,Yes,-2.0,Low,Yes
2016,Murray A.,Raonic M.,2,14.0,GBR,2005,84,191,Right,CAN,2008.0,98.0,196.0,Right,Yes,-12.0,Low,Yes
2016,Djokovic N.,Murray A.,1,2.0,SRB,2003,77,188,Right,GBR,2005.0,84.0,191.0,Right,Yes,-1.0,Low,Yes
2015,Berankis R.,Sijsling I.,85,84.0,LTU,2007,70,175,Right,NED,2006.0,85.0,191.0,Right,No,1.0,Low,Yes
2015,Dimitrov G.,Brown D.,11,90.0,BUL,2008,80,191,Right,GER,2002.0,78.0,196.0,Right,Yes,-79.0,High,Yes
2015,Anderson K.,Schwartzman D.,15,59.0,RSA,2007,93,203,Right,ARG,2010.0,64.0,170.0,Right,Yes,-44.0,Medium,Yes
2015,Chardy J.,Coric B.,31,91.0,FRA,2005,75,188,Right,CRO,2013.0,79.0,185.0,Right,Yes,-60.0,Medium,Yes
2015,Lacko L.,Gonzalez M.,99,98.0,SVK,2005,85,185,Right,ARG,2002.0,75.0,175.0,Right,No,1.0,Low,Yes
2015,Matosevic M.,Kudryavtsev A.,81,127.0,AUS,2003,86,193,Right,RUS,2003.0,79.0,183.0,Right,Yes,-46.0,Medium,Yes
2015,Seppi A.,Istomin D.,46,50.0,ITA,2002,75,191,Right,UZB,2004.0,88.0,188.0,Right,Yes,-4.0,Low,Yes
2015,Sousa J.,Thompson J.,55,274.0,POR,2008,74,185,Right,AUS,2013.0,73.0,183.0,Right,Yes,-219.0,High,Yes
2015,Klizan M.,Ito T.,34,89.0,SVK,2007,80,191,Left,JPN,2006.0,75.0,180.0,Right,Yes,-55.0,Medium,No
2015,Gasquet R.,Berlocq C.,28,70.0,FRA,2002,75,185,Right,ARG,2001.0,81.0,183.0,Right,Yes,-42.0,Medium,Yes
2015,Murray A.,Bhambri Y.,6,317.0,GBR,2005,84,191,Right,IND,2008.0,77.0,183.0,Right,Yes,-311.0,High,Yes
2015,Goffin D.,Russell M.,22,156.0,BEL,2009,68,180,Right,USA,1998.0,70.0,173.0,Right,Yes,-134.0,High,Yes
2015,Duckworth J.,Kavcic B.,120,102.0,AUS,2010,82,183,Right,SLO,2005.0,78.0,188.0,Right,No,18.0,Low,Yes
2015,Baghdatis M.,Gabashvili T.,78,67.0,CYP,2003,82,178,Right,RUS,2001.0,83.0,188.0,Right,No,11.0,Low,Yes
2015,Berdych T.,Falla A.,7,101.0,CZE,2002,91,196,Right,COL,2000.0,77.0,185.0,Left,Yes,-94.0,High,No
2015,Nadal R.,Youzhny M.,3,49.0,ESP,2001,85,185,Left,RUS,1999.0,73.0,183.0,Right,Yes,-46.0,Medium,No
2015,Tomic B.,Kamke T.,66,95.0,AUS,2008,91,196,Right,GER,2004.0,76.0,178.0,Right,Yes,-29.0,Low,Yes
2015,Smyczek T.,Saville L.,112,164.0,USA,2006,73,175,Right,AUS,2003.0,83.0,188.0,Right,Yes,-52.0,Medium,Yes
2015,Rosol L.,De Schepper K.,30,94.0,CZE,2004,84,196,Right,FRA,2010.0,104.0,203.0,Left,Yes,-64.0,Medium,No
2015,Mayer L.,Millman J.,26,151.0,ARG,2003,80,191,Right,AUS,2006.0,79.0,183.0,Right,Yes,-125.0,High,Yes
2015,Kohlschreiber P.,Mathieu P.H.,24,93.0,GER,2001,70,178,Right,FRA,1999.0,74.0,185.0,Right,Yes,-69.0,Medium,Yes
2015,Sela D.,Struff J.L.,106,57.0,ISR,2002,65,175,Right,GER,2009.0,87.0,196.0,Right,No,49.0,Medium,Yes
2015,Roger-Vasselin E.,Robredo T.,119,17.0,FRA,2002,75,188,Right,ESP,1998.0,75.0,180.0,Right,No,102.0,High,Yes
2015,Melzer J.,Estrella Burgos V.,108,77.0,AUT,1999,81,183,Left,DOM,2002.0,77.0,170.0,Right,No,31.0,Medium,No
2015,Groth S.,Krajinovic F.,82,97.0,AUS,2006,100,193,Right,SRB,2008.0,75.0,185.0,Right,Yes,-15.0,Low,Yes
2015,Bolelli S.,Monaco J.,48,63.0,ITA,2003,83,183,Right,ARG,2002.0,81.0,185.0,Right,Yes,-15.0,Low,Yes
2015,Troicki V.,Vesely J.,54,39.0,SRB,2006,86,193,Right,CZE,2009.0,92.0,198.0,Left,No,15.0,Low,No
2015,Kokkinakis T.,Gulbis E.,147,13.0,AUS,2013,82,196,Right,LAT,2004.0,88.0,193.0,Right,No,134.0,High,Yes
2015,Federer R.,Lu Y.H.,2,47.0,SUI,1998,85,185,Right,TPE,2001.0,74.0,180.0,Right,Yes,-45.0,Medium,Yes
2015,Jaziri M.,Kukushkin M.,75,51.0,TUN,2003,82,185,Right,KAZ,2006.0,72.0,183.0,Right,No,24.0,Low,Yes
2015,Karlovic I.,Bemelmans R.,27,173.0,CRO,2000,104,211,Right,BEL,2006.0,75.0,183.0,Left,Yes,-146.0,High,No
2015,Kyrgios N.,Delbonis F.,53,62.0,AUS,2013,85,193,Right,ARG,2007.0,88.0,191.0,Left,Yes,-9.0,Low,No
2015,Gonzalez A.,Fognini F.,107,18.0,COL,2006,83,191,Right,ITA,2004.0,74.0,178.0,Right,No,89.0,High,Yes
2015,Lopez F.,Kudla D.,14,123.0,ESP,1997,73,185,Left,USA,2010.0,75.0,180.0,Right,Yes,-109.0,High,No
2015,Mannarino A.,Rola B.,36,80.0,FRA,2004,70,180,Left,SLO,2013.0,85.0,193.0,Left,Yes,-44.0,Medium,Yes
2015,Nishikori K.,Almagro N.,5,69.0,JPN,2007,75,178,Right,ESP,2003.0,86.0,183.0,Right,Yes,-64.0,Medium,Yes
2015,Johnson S.,Edmund K.,38,192.0,USA,2012,86,188,Right,GBR,2012.0,83.0,188.0,Right,Yes,-154.0,High,Yes
2015,Garcia-Lopez G.,Gojowczyk P.,37,96.0,ESP,2002,80,185,Right,GER,2006.0,83.0,188.0,Right,Yes,-59.0,Medium,Yes
2015,Giraldo S.,Hernych J.,32,201.0,COL,2004,75,188,Right,CZE,1998.0,83.0,188.0,Right,Yes,-169.0,High,Yes
2015,Young D.,Puetz T.,56,183.0,USA,2004,79,183,Left,GER,2006.0,78.0,185.0,Right,Yes,-127.0,High,No
2015,Verdasco F.,Ward J.,33,103.0,ESP,2001,87,185,Left,GBR,2006.0,74.0,191.0,Right,Yes,-70.0,Medium,No
2015,Raonic M.,Marchenko I.,8,144.0,CAN,2008,98,196,Right,UKR,2006.0,82.0,185.0,Right,Yes,-136.0,High,Yes
2015,Wawrinka S.,Ilhan M.,4,100.0,SUI,2002,81,183,Right,TUR,2006.0,80.0,191.0,Right,Yes,-96.0,High,Yes
2015,Haider-Maurer A.,Lokoli L.,79,259.0,AUT,2005,89,191,Right,,,,,,Yes,-180.0,High,
2015,Granollers M.,Robert S.,58,132.0,ESP,2003,77,191,Right,FRA,2001.0,77.0,185.0,Right,Yes,-74.0,Medium,Yes
2015,Dodig I.,Souza J.,86,115.0,CRO,2004,83,183,Right,BRA,2006.0,92.0,193.0,Right,Yes,-29.0,Low,Yes
2015,Isner J.,Wang J.,21,118.0,USA,2007,108,208,Right,TPE,2001.0,73.0,180.0,Right,Yes,-97.0,High,Yes
2015,Bautista R.,Thiem D.,16,40.0,ESP,2005,76,183,Right,AUT,2011.0,82.0,185.0,Right,Yes,-24.0,Low,Yes
2015,Muller G.,Carreno-Busta P.,42,52.0,LUX,2001,89,193,Left,ESP,2009.0,78.0,188.0,Right,Yes,-10.0,Low,No
2015,Simon G.,Haase R.,20,83.0,FRA,2002,70,183,Right,NED,2005.0,71.0,191.0,Right,Yes,-63.0,Medium,Yes
2015,Djokovic N.,Bedene A.,1,116.0,SRB,2003,77,188,Right,GBR,2008.0,72.0,183.0,Right,Yes,-115.0,High,Yes
2015,Ferrer D.,Bellucci T.,10,65.0,ESP,2000,73,175,Right,BRA,2005.0,82.0,188.0,Left,Yes,-55.0,Medium,No
2015,Bachinger M.,Cuevas P.,142,29.0,GER,2005,86,188,Right,URU,2004.0,80.0,180.0,Right,No,113.0,High,Yes
2015,Soeda G.,Ymer E.,92,212.0,JPN,2003,73,178,Right,SWE,2014.0,78.0,183.0,Right,Yes,-120.0,High,Yes
2015,Copil M.,Andujar P.,194,43.0,ROU,2008,86,191,Right,ESP,2003.0,76.0,180.0,Right,No,151.0,High,Yes
2015,Nieminen J.,Golubev A.,72,73.0,FIN,2000,78,185,Left,KAZ,2005.0,79.0,183.0,Right,Yes,-1.0,Low,No
2015,Stakhovsky S.,Lajovic D.,71,68.0,UKR,2003,80,193,Right,SRB,2007.0,78.0,183.0,Right,No,3.0,Low,Yes
2015,Janowicz J.,Moriya H.,44,146.0,POL,2007,94,203,Right,JPN,2006.0,65.0,168.0,Right,Yes,-102.0,High,Yes
2015,Kuznetsov An.,Ramos-Vinolas A.,88,61.0,RUS,2008,70,183,Right,ESP,2007.0,80.0,188.0,Left,No,27.0,Low,No
2015,Becker B.,Benneteau J.,41,25.0,GER,2005,72,178,Right,FRA,2000.0,79.0,185.0,Right,No,16.0,Low,Yes
2015,Lorenzi P.,Dolgopolov O.,64,23.0,ITA,2003,77,183,Right,UKR,2006.0,71.0,180.0,Right,No,41.0,Medium,Yes
2015,Hewitt L.,Zhang Z.,87,187.0,AUS,1998,77,178,Right,CHN,2005.0,83.0,188.0,Right,Yes,-100.0,High,Yes
2015,Pospisil V.,Querrey S.,60,35.0,CAN,2007,84,193,Right,USA,2006.0,95.0,198.0,Right,No,25.0,Low,Yes
2015,Monfils G.,Pouille L.,19,117.0,FRA,2004,80,193,Right,FRA,2012.0,81.0,185.0,Right,Yes,-98.0,High,Yes
2015,Berdych T.,Melzer J.,7,108.0,CZE,2002,91,196,Right,AUT,1999.0,81.0,183.0,Left,Yes,-101.0,High,No
2015,Baghdatis M.,Goffin D.,78,22.0,CYP,2003,82,178,Right,BEL,2009.0,68.0,180.0,Right,No,56.0,Medium,Yes
2015,Troicki V.,Mayer L.,54,26.0,SRB,2006,86,193,Right,ARG,2003.0,80.0,191.0,Right,No,28.0,Low,Yes
2015,Sousa J.,Klizan M.,55,34.0,POR,2008,74,185,Right,SVK,2007.0,80.0,191.0,Left,No,21.0,Low,No
2015,Gasquet R.,Duckworth J.,28,120.0,FRA,2002,75,185,Right,AUS,2010.0,82.0,183.0,Right,Yes,-92.0,High,Yes
2015,Murray A.,Matosevic M.,6,81.0,GBR,2005,84,191,Right,AUS,2003.0,86.0,193.0,Right,Yes,-75.0,Medium,Yes
2015,Anderson K.,Berankis R.,15,85.0,RSA,2007,93,203,Right,LTU,2007.0,70.0,175.0,Right,Yes,-70.0,Medium,Yes
2015,Dimitrov G.,Lacko L.,11,99.0,BUL,2008,80,191,Right,SVK,2005.0,85.0,185.0,Right,Yes,-88.0,High,Yes
2015,Federer R.,Bolelli S.,2,48.0,SUI,1998,85,185,Right,ITA,2003.0,83.0,183.0,Right,Yes,-46.0,Medium,Yes
2015,Seppi A.,Chardy J.,46,31.0,ITA,2002,75,191,Right,FRA,2005.0,75.0,188.0,Right,No,15.0,Low,Yes
2015,Sela D.,Rosol L.,106,30.0,ISR,2002,65,175,Right,CZE,2004.0,84.0,196.0,Right,No,76.0,High,Yes
2015,Kyrgios N.,Karlovic I.,53,27.0,AUS,2013,85,193,Right,CRO,2000.0,104.0,211.0,Right,No,26.0,Low,Yes
2015,Jaziri M.,Roger-Vasselin E.,75,119.0,TUN,2003,82,185,Right,FRA,2002.0,75.0,188.0,Right,Yes,-44.0,Medium,Yes
2015,Groth S.,Kokkinakis T.,82,147.0,AUS,2006,100,193,Right,AUS,2013.0,82.0,196.0,Right,Yes,-65.0,Medium,Yes
2015,Nadal R.,Smyczek T.,3,112.0,ESP,2001,85,185,Left,USA,2006.0,73.0,175.0,Right,Yes,-109.0,High,No
2015,Tomic B.,Kohlschreiber P.,66,24.0,AUS,2008,91,196,Right,GER,2001.0,70.0,178.0,Right,No,42.0,Medium,Yes
2015,Isner J.,Haider-Maurer A.,21,79.0,USA,2007,108,208,Right,AUT,2005.0,89.0,191.0,Right,Yes,-58.0,Medium,Yes
2015,Lopez F.,Mannarino A.,14,36.0,ESP,1997,73,185,Left,FRA,2004.0,70.0,180.0,Left,Yes,-22.0,Low,Yes
2015,Nieminen J.,Bachinger M.,72,142.0,FIN,2000,78,185,Left,GER,2005.0,86.0,188.0,Right,Yes,-70.0,Medium,No
2015,Nishikori K.,Dodig I.,5,86.0,JPN,2007,75,178,Right,CRO,2004.0,83.0,183.0,Right,Yes,-81.0,High,Yes
2015,Garcia-Lopez G.,Gonzalez A.,37,107.0,ESP,2002,80,185,Right,COL,2006.0,83.0,191.0,Right,Yes,-70.0,Medium,Yes
2015,Johnson S.,Giraldo S.,38,32.0,USA,2012,86,188,Right,COL,2004.0,75.0,188.0,Right,No,6.0,Low,Yes
2015,Pospisil V.,Lorenzi P.,60,64.0,CAN,2007,84,193,Right,ITA,2003.0,77.0,183.0,Right,Yes,-4.0,Low,Yes
2015,Wawrinka S.,Copil M.,4,194.0,SUI,2002,81,183,Right,ROU,2008.0,86.0,191.0,Right,Yes,-190.0,High,Yes
2015,Muller G.,Bautista R.,42,16.0,LUX,2001,89,193,Left,ESP,2005.0,76.0,183.0,Right,No,26.0,Low,No
2015,Djokovic N.,Kuznetsov An.,1,88.0,SRB,2003,77,188,Right,RUS,2008.0,70.0,183.0,Right,Yes,-87.0,High,Yes
2015,Simon G.,Granollers M.,20,58.0,FRA,2002,70,183,Right,ESP,2003.0,77.0,191.0,Right,Yes,-38.0,Medium,Yes
2015,Ferrer D.,Stakhovsky S.,10,71.0,ESP,2000,73,175,Right,UKR,2003.0,80.0,193.0,Right,Yes,-61.0,Medium,Yes
2015,Janowicz J.,Monfils G.,44,19.0,POL,2007,94,203,Right,FRA,2004.0,80.0,193.0,Right,No,25.0,Low,Yes
2015,Becker B.,Hewitt L.,41,87.0,GER,2005,72,178,Right,AUS,1998.0,77.0,178.0,Right,Yes,-46.0,Medium,Yes
2015,Verdasco F.,Soeda G.,33,92.0,ESP,2001,87,185,Left,JPN,2003.0,73.0,178.0,Right,Yes,-59.0,Medium,No
2015,Raonic M.,Young D.,8,56.0,CAN,2008,98,196,Right,USA,2004.0,79.0,183.0,Left,Yes,-48.0,Medium,No
2015,Dimitrov G.,Baghdatis M.,11,78.0,BUL,2008,80,191,Right,CYP,2003.0,82.0,178.0,Right,Yes,-67.0,Medium,Yes
2015,Berdych T.,Troicki V.,7,54.0,CZE,2002,91,196,Right,SRB,2006.0,86.0,193.0,Right,Yes,-47.0,Medium,Yes
2015,Seppi A.,Federer R.,46,2.0,ITA,2002,75,191,Right,SUI,1998.0,85.0,185.0,Right,No,44.0,Medium,Yes
2015,Murray A.,Sousa J.,6,55.0,GBR,2005,84,191,Right,POR,2008.0,74.0,185.0,Right,Yes,-49.0,Medium,Yes
2015,Tomic B.,Groth S.,66,82.0,AUS,2008,91,196,Right,AUS,2006.0,100.0,193.0,Right,Yes,-16.0,Low,Yes
2015,Anderson K.,Gasquet R.,15,28.0,RSA,2007,93,203,Right,FRA,2002.0,75.0,185.0,Right,Yes,-13.0,Low,Yes
2015,Kyrgios N.,Jaziri M.,53,75.0,AUS,2013,85,193,Right,TUN,2003.0,82.0,185.0,Right,Yes,-22.0,Low,Yes
2015,Nadal R.,Sela D.,3,106.0,ESP,2001,85,185,Left,ISR,2002.0,65.0,175.0,Right,Yes,-103.0,High,No
2015,Raonic M.,Becker B.,8,41.0,CAN,2008,98,196,Right,GER,2005.0,72.0,178.0,Right,Yes,-33.0,Medium,Yes
2015,Lopez F.,Janowicz J.,14,44.0,ESP,1997,73,185,Left,POL,2007.0,94.0,203.0,Right,Yes,-30.0,Low,No
2015,Wawrinka S.,Nieminen J.,4,72.0,SUI,2002,81,183,Right,FIN,2000.0,78.0,185.0,Left,Yes,-68.0,Medium,No
2015,Garcia-Lopez G.,Pospisil V.,37,60.0,ESP,2002,80,185,Right,CAN,2007.0,84.0,193.0,Right,Yes,-23.0,Low,Yes
2015,Nishikori K.,Johnson S.,5,38.0,JPN,2007,75,178,Right,USA,2012.0,86.0,188.0,Right,Yes,-33.0,Medium,Yes
2015,Muller G.,Isner J.,42,21.0,LUX,2001,89,193,Left,USA,2007.0,108.0,208.0,Right,No,21.0,Low,No
2015,Djokovic N.,Verdasco F.,1,33.0,SRB,2003,77,188,Right,ESP,2001.0,87.0,185.0,Left,Yes,-32.0,Medium,No
2015,Ferrer D.,Simon G.,10,20.0,ESP,2000,73,175,Right,FRA,2002.0,70.0,183.0,Right,Yes,-10.0,Low,Yes
2015,Berdych T.,Tomic B.,7,66.0,CZE,2002,91,196,Right,AUS,2008.0,91.0,196.0,Right,Yes,-59.0,Medium,Yes
2015,Nadal R.,Anderson K.,3,15.0,ESP,2001,85,185,Left,RSA,2007.0,93.0,203.0,Right,Yes,-12.0,Low,No
2015,Kyrgios N.,Seppi A.,53,46.0,AUS,2013,85,193,Right,ITA,2002.0,75.0,191.0,Right,No,7.0,Low,Yes
2015,Murray A.,Dimitrov G.,6,11.0,GBR,2005,84,191,Right,BUL,2008.0,80.0,191.0,Right,Yes,-5.0,Low,Yes
2015,Wawrinka S.,Garcia-Lopez G.,4,37.0,SUI,2002,81,183,Right,ESP,2002.0,80.0,185.0,Right,Yes,-33.0,Medium,Yes
2015,Nishikori K.,Ferrer D.,5,10.0,JPN,2007,75,178,Right,ESP,2000.0,73.0,175.0,Right,Yes,-5.0,Low,Yes
2015,Raonic M.,Lopez F.,8,14.0,CAN,2008,98,196,Right,ESP,1997.0,73.0,185.0,Left,Yes,-6.0,Low,No
2015,Djokovic N.,Muller G.,1,42.0,SRB,2003,77,188,Right,LUX,2001.0,89.0,193.0,Left,Yes,-41.0,Medium,No
2015,Berdych T.,Nadal R.,7,3.0,CZE,2002,91,196,Right,ESP,2001.0,85.0,185.0,Left,No,4.0,Low,No
2015,Murray A.,Kyrgios N.,6,53.0,GBR,2005,84,191,Right,AUS,2013.0,85.0,193.0,Right,Yes,-47.0,Medium,Yes
2015,Wawrinka S.,Nishikori K.,4,5.0,SUI,2002,81,183,Right,JPN,2007.0,75.0,178.0,Right,Yes,-1.0,Low,Yes
2015,Djokovic N.,Raonic M.,1,8.0,SRB,2003,77,188,Right,CAN,2008.0,98.0,196.0,Right,Yes,-7.0,Low,Yes
2015,Murray A.,Berdych T.,6,7.0,GBR,2005,84,191,Right,CZE,2002.0,91.0,196.0,Right,Yes,-1.0,Low,Yes
2015,Djokovic N.,Wawrinka S.,1,4.0,SRB,2003,77,188,Right,SUI,2002.0,81.0,183.0,Right,Yes,-3.0,Low,Yes
2015,Djokovic N.,Murray A.,1,6.0,SRB,2003,77,188,Right,GBR,2005.0,84.0,191.0,Right,Yes,-5.0,Low,Yes
2014,Dodig I.,Karlovic I.,34,75.0,CRO,2004,83,183,Right,CRO,2000.0,104.0,211.0,Right,Yes,-41.0,Medium,Yes
2014,Nieminen J.,Sela D.,39,68.0,FIN,2000,78,185,Left,ISR,2002.0,65.0,175.0,Right,Yes,-29.0,Low,No
2014,Youzhny M.,Struff J.L.,15,105.0,RUS,1999,73,183,Right,GER,2009.0,87.0,196.0,Right,Yes,-90.0,High,Yes
2014,Falla A.,Kukushkin M.,87,66.0,COL,2000,77,185,Left,KAZ,2006.0,72.0,183.0,Right,No,21.0,Low,No
2014,Querrey S.,Giraldo S.,51,69.0,USA,2006,95,198,Right,COL,2004.0,75.0,188.0,Right,Yes,-18.0,Low,Yes
2014,Mannarino A.,Johnson S.,71,147.0,FRA,2004,70,180,Left,USA,2012.0,86.0,188.0,Right,Yes,-76.0,High,No
2014,Wawrinka S.,Golubev A.,8,85.0,SUI,2002,81,183,Right,KAZ,2005.0,79.0,183.0,Right,Yes,-77.0,High,Yes
2014,Dzumhur D.,Hajek J.,188,103.0,BIH,2011,70,175,Right,CZE,2000.0,80.0,180.0,Right,No,85.0,High,Yes
2014,Thiem D.,Sousa J.,136,50.0,AUT,2011,82,185,Right,POR,2008.0,74.0,185.0,Right,No,86.0,High,Yes
2014,Mayer F.,Kudla D.,37,113.0,GER,2001,82,191,Right,USA,2010.0,75.0,180.0,Right,Yes,-76.0,High,Yes
2014,Ferrer D.,Gonzalez A.,3,74.0,ESP,2000,73,175,Right,COL,2006.0,83.0,191.0,Right,Yes,-71.0,Medium,Yes
2014,Anderson K.,Vesely J.,21,83.0,RSA,2007,93,203,Right,CZE,2009.0,92.0,198.0,Left,Yes,-62.0,Medium,No
2014,Gulbis E.,Monaco J.,24,42.0,LAT,2004,88,193,Right,ARG,2002.0,81.0,185.0,Right,Yes,-18.0,Low,Yes
2014,De Schepper K.,Wu D.,86,203.0,FRA,2010,104,203,Left,CHN,2009.0,65.0,175.0,Right,Yes,-117.0,High,No
2014,Gasquet R.,Guez D.,9,176.0,FRA,2002,75,185,Right,FRA,1997.0,75.0,185.0,Right,Yes,-167.0,High,Yes
2014,Berdych T.,Nedovyesov A.,7,94.0,CZE,2002,91,196,Right,KAZ,2005.0,81.0,193.0,Right,Yes,-87.0,High,Yes
2014,Ebden M.,Mahut N.,67,46.0,AUS,2006,80,188,Right,FRA,2000.0,80.0,191.0,Right,No,21.0,Low,Yes
2014,Chardy J.,Huta Galung J.,31,100.0,FRA,2005,75,188,Right,NED,2004.0,89.0,195.0,Right,Yes,-69.0,Medium,Yes
2014,Fognini F.,Bogomolov A.,16,89.0,ITA,2004,74,178,Right,RUS,2002.0,75.0,178.0,Right,Yes,-73.0,Medium,Yes
2014,Mayer L.,Montanes A.,98,60.0,ARG,2003,80,191,Right,ESP,1999.0,70.0,175.0,Right,No,38.0,Medium,Yes
2014,Benneteau J.,Carreno-Busta P.,38,63.0,FRA,2000,79,185,Right,ESP,2009.0,78.0,188.0,Right,Yes,-25.0,Low,Yes
2014,Robredo T.,Rosol L.,18,47.0,ESP,1998,75,180,Right,CZE,2004.0,84.0,196.0,Right,Yes,-29.0,Low,Yes
2014,Roger-Vasselin E.,Berlocq C.,40,41.0,FRA,2002,75,188,Right,ARG,2001.0,81.0,183.0,Right,Yes,-1.0,Low,Yes
2014,Garcia-Lopez G.,Haas T.,58,12.0,ESP,2002,80,185,Right,GER,1996.0,84.0,188.0,Right,No,46.0,Medium,Yes
2014,Janowicz J.,Thompson J.,20,319.0,POL,2007,94,203,Right,AUS,2013.0,73.0,183.0,Right,Yes,-299.0,High,Yes
2014,Pospisil V.,Groth S.,30,157.0,CAN,2007,84,193,Right,AUS,2006.0,100.0,193.0,Right,Yes,-127.0,High,Yes
2014,Andujar P.,Ramos A.,48,84.0,ESP,2003,76,180,Right,ESP,2007.0,80.0,188.0,Left,Yes,-36.0,Medium,No
2014,Davydenko N.,Kubot L.,61,72.0,RUS,1999,70,178,Right,POL,2002.0,86.0,191.0,Right,Yes,-11.0,Low,Yes
2014,Dolgopolov O.,Berankis R.,56,128.0,UKR,2006,71,180,Right,LTU,2007.0,70.0,175.0,Right,Yes,-72.0,Medium,Yes
2014,Tursunov D.,Russell M.,26,92.0,RUS,2000,82,185,Right,USA,1998.0,70.0,173.0,Right,Yes,-66.0,Medium,Yes
2014,Djokovic N.,Lacko L.,2,96.0,SRB,2003,77,188,Right,SVK,2005.0,85.0,185.0,Right,Yes,-94.0,High,Yes
2014,Istomin D.,Baghdatis M.,49,108.0,UZB,2004,88,188,Right,CYP,2003.0,82.0,178.0,Right,Yes,-59.0,Medium,Yes
2014,Lajovic D.,Pouille L.,117,193.0,SRB,2007,78,183,Right,FRA,2012.0,81.0,185.0,Right,Yes,-76.0,High,Yes
2014,Dimitrov G.,Klahn B.,22,93.0,BUL,2008,80,191,Right,USA,2012.0,75.0,183.0,Left,Yes,-71.0,Medium,No
2014,Nishikori K.,Matosevic M.,17,54.0,JPN,2007,75,178,Right,AUS,2003.0,86.0,193.0,Right,Yes,-37.0,Medium,Yes
2014,Przysiezny M.,Zeballos H.,64,65.0,POL,2001,84,185,Right,ARG,2003.0,83.0,188.0,Left,Yes,-1.0,Low,No
2014,Raonic M.,Gimeno-Traver D.,11,77.0,CAN,2008,98,196,Right,ESP,2004.0,80.0,183.0,Right,Yes,-66.0,Medium,Yes
2014,Lu Y.H.,Wang J.,53,173.0,TPE,2001,74,180,Right,TPE,2001.0,73.0,180.0,Right,Yes,-120.0,High,Yes
2014,Hanescu V.,Gojowczyk P.,76,135.0,ROU,2000,88,198,Right,GER,2006.0,83.0,188.0,Right,Yes,-59.0,Medium,Yes
2014,Robert S.,Bedene A.,119,104.0,FRA,2001,77,185,Right,GBR,2008.0,72.0,183.0,Right,No,15.0,Low,Yes
2014,Klizan M.,Isner J.,106,13.0,SVK,2007,80,191,Left,USA,2007.0,108.0,208.0,Right,No,93.0,High,No
2014,Tsonga J.W.,Volandri F.,10,70.0,FRA,2004,91,188,Right,ITA,1997.0,73.0,183.0,Right,Yes,-60.0,Medium,Yes
2014,Rola B.,Delbonis F.,185,55.0,SLO,2013,85,193,Left,ARG,2007.0,88.0,191.0,Left,No,130.0,High,Yes
2014,Federer R.,Duckworth J.,6,133.0,SUI,1998,85,185,Right,AUS,2010.0,82.0,183.0,Right,Yes,-127.0,High,Yes
2014,Gabashvili T.,Stakhovsky S.,79,82.0,RUS,2001,83,188,Right,UKR,2003.0,80.0,193.0,Right,Yes,-3.0,Low,Yes
2014,Kavcic B.,Stepanek R.,99,44.0,SLO,2005,78,188,Right,CZE,1996.0,76.0,185.0,Right,No,55.0,Medium,Yes
2014,Bellucci T.,Reister J.,129,88.0,BRA,2005,82,188,Left,GER,2005.0,87.0,188.0,Right,No,41.0,Medium,No
2014,Paire B.,Dancevic F.,28,122.0,FRA,2007,80,196,Right,CAN,2003.0,79.0,185.0,Right,Yes,-94.0,High,Yes
2014,Kyrgios N.,Becker B.,183,81.0,AUS,2013,85,193,Right,GER,2005.0,72.0,178.0,Right,No,102.0,High,Yes
2014,Verdasco F.,Zhang Z.,33,253.0,ESP,2001,87,185,Left,CHN,2005.0,83.0,188.0,Right,Yes,-220.0,High,No
2014,Seppi A.,Hewitt L.,25,43.0,ITA,2002,75,191,Right,AUS,1998.0,77.0,178.0,Right,Yes,-18.0,Low,Yes
2014,Berrer M.,Llodra M.,144,102.0,GER,1999,100,193,Left,FRA,1999.0,80.0,191.0,Left,No,42.0,Medium,Yes
2014,Bautista R.,Smyczek T.,62,90.0,ESP,2005,76,183,Right,USA,2006.0,73.0,175.0,Right,Yes,-28.0,Low,Yes
2014,Del Potro J.M.,Williams R.,5,130.0,ARG,2005,97,198,Right,USA,2011.0,84.0,185.0,Right,Yes,-125.0,High,Yes
2014,Millot V.,Odesnik W.,267,139.0,FRA,2007,75,173,Left,USA,2004.0,77.0,180.0,Left,No,128.0,High,Yes
2014,Lopez F.,Devvarman S.,27,97.0,ESP,1997,73,185,Left,IND,2008.0,73.0,180.0,Right,Yes,-70.0,Medium,No
2014,Young D.,Haase R.,91,45.0,USA,2004,79,183,Left,NED,2005.0,71.0,191.0,Right,No,46.0,Medium,No
2014,Simon G.,Brands D.,19,59.0,FRA,2002,70,183,Right,GER,2005.0,92.0,196.0,Right,Yes,-40.0,Medium,Yes
2014,Sock J.,Kamke T.,95,78.0,USA,2011,84,191,Right,GER,2004.0,76.0,178.0,Right,No,17.0,Low,Yes
2014,Murray A.,Soeda G.,4,112.0,GBR,2005,84,191,Right,JPN,2003.0,73.0,178.0,Right,Yes,-108.0,High,Yes
2014,Kokkinakis T.,Sijsling I.,570,73.0,AUS,2013,82,196,Right,NED,2006.0,85.0,191.0,Right,No,497.0,High,Yes
2014,Cilic M.,Granollers M.,36,222.0,CRO,2005,89,198,Right,ESP,2003.0,77.0,191.0,Right,Yes,-186.0,High,Yes
2014,Monfils G.,Harrison R.,32,110.0,FRA,2004,80,193,Right,USA,2007.0,84.0,185.0,Right,Yes,-78.0,High,Yes
2014,Nadal R.,Tomic B.,1,57.0,ESP,2001,85,185,Left,AUS,2008.0,91.0,196.0,Right,Yes,-56.0,Medium,No
2014,Berdych T.,De Schepper K.,7,86.0,CZE,2002,91,196,Right,FRA,2010.0,104.0,203.0,Left,Yes,-79.0,High,No
2014,Dzumhur D.,Dodig I.,188,34.0,BIH,2011,70,175,Right,CRO,2004.0,83.0,183.0,Right,No,154.0,High,Yes
2014,Mayer F.,Youzhny M.,37,15.0,GER,2001,82,191,Right,RUS,1999.0,73.0,183.0,Right,No,22.0,Low,Yes
2014,Gasquet R.,Davydenko N.,9,61.0,FRA,2002,75,185,Right,RUS,1999.0,70.0,178.0,Right,Yes,-52.0,Medium,Yes
2014,Janowicz J.,Andujar P.,20,48.0,POL,2007,94,203,Right,ESP,2003.0,76.0,180.0,Right,Yes,-28.0,Low,Yes
2014,Ferrer D.,Mannarino A.,3,71.0,ESP,2000,73,175,Right,FRA,2004.0,70.0,180.0,Left,Yes,-68.0,Medium,No
2014,Chardy J.,Dolgopolov O.,31,56.0,FRA,2005,75,188,Right,UKR,2006.0,71.0,180.0,Right,Yes,-25.0,Low,Yes
2014,Robredo T.,Benneteau J.,18,38.0,ESP,1998,75,180,Right,FRA,2000.0,79.0,185.0,Right,Yes,-20.0,Low,Yes
2014,Djokovic N.,Mayer L.,2,98.0,SRB,2003,77,188,Right,ARG,2003.0,80.0,191.0,Right,Yes,-96.0,High,Yes
2014,Istomin D.,Tursunov D.,49,26.0,UZB,2004,88,188,Right,RUS,2000.0,82.0,185.0,Right,No,23.0,Low,Yes
2014,Roger-Vasselin E.,Garcia-Lopez G.,40,58.0,FRA,2002,75,188,Right,ESP,2002.0,80.0,185.0,Right,Yes,-18.0,Low,Yes
2014,Querrey S.,Gulbis E.,51,24.0,USA,2006,95,198,Right,LAT,2004.0,88.0,193.0,Right,No,27.0,Low,Yes
2014,Anderson K.,Thiem D.,21,136.0,RSA,2007,93,203,Right,AUT,2011.0,82.0,185.0,Right,Yes,-115.0,High,Yes
2014,Fognini F.,Nieminen J.,16,39.0,ITA,2004,74,178,Right,FIN,2000.0,78.0,185.0,Left,Yes,-23.0,Low,No
2014,Wawrinka S.,Falla A.,8,87.0,SUI,2002,81,183,Right,COL,2000.0,77.0,185.0,Left,Yes,-79.0,High,No
2014,Pospisil V.,Ebden M.,30,67.0,CAN,2007,84,193,Right,AUS,2006.0,80.0,188.0,Right,Yes,-37.0,Medium,Yes
2014,Nishikori K.,Lajovic D.,17,117.0,JPN,2007,75,178,Right,SRB,2007.0,78.0,183.0,Right,Yes,-100.0,High,Yes
2014,Young D.,Seppi A.,91,25.0,USA,2004,79,183,Left,ITA,2002.0,75.0,191.0,Right,No,66.0,Medium,No
2014,Klizan M.,Rola B.,106,185.0,SVK,2007,80,191,Left,SLO,2013.0,85.0,193.0,Left,Yes,-79.0,High,Yes
2014,Tsonga J.W.,Bellucci T.,10,129.0,FRA,2004,91,188,Right,BRA,2005.0,82.0,188.0,Left,Yes,-119.0,High,No
2014,Robert S.,Przysiezny M.,119,64.0,FRA,2001,77,185,Right,POL,2001.0,84.0,185.0,Right,No,55.0,Medium,Yes
2014,Federer R.,Kavcic B.,6,99.0,SUI,1998,85,185,Right,SLO,2005.0,78.0,188.0,Right,Yes,-93.0,High,Yes
2014,Nadal R.,Kokkinakis T.,1,570.0,ESP,2001,85,185,Left,AUS,2013.0,82.0,196.0,Right,Yes,-569.0,High,No
2014,Dimitrov G.,Lu Y.H.,22,53.0,BUL,2008,80,191,Right,TPE,2001.0,74.0,180.0,Right,Yes,-31.0,Medium,Yes
2014,Simon G.,Cilic M.,19,36.0,FRA,2002,70,183,Right,CRO,2005.0,89.0,198.0,Right,Yes,-17.0,Low,Yes
2014,Raonic M.,Hanescu V.,11,76.0,CAN,2008,98,196,Right,ROU,2000.0,88.0,198.0,Right,Yes,-65.0,Medium,Yes
2014,Lopez F.,Berrer M.,27,144.0,ESP,1997,73,185,Left,GER,1999.0,100.0,193.0,Left,Yes,-117.0,High,Yes
2014,Gabashvili T.,Verdasco F.,79,33.0,RUS,2001,83,188,Right,ESP,2001.0,87.0,185.0,Left,No,46.0,Medium,No
2014,Monfils G.,Sock J.,32,95.0,FRA,2004,80,193,Right,USA,2011.0,84.0,191.0,Right,Yes,-63.0,Medium,Yes
2014,Bautista R.,Del Potro J.M.,62,5.0,ESP,2005,76,183,Right,ARG,2005.0,97.0,198.0,Right,No,57.0,Medium,Yes
2014,Murray A.,Millot V.,4,267.0,GBR,2005,84,191,Right,FRA,2007.0,75.0,173.0,Left,Yes,-263.0,High,No
2014,Paire B.,Kyrgios N.,28,183.0,FRA,2007,80,196,Right,AUS,2013.0,85.0,193.0,Right,Yes,-155.0,High,Yes
2014,Wawrinka S.,Pospisil V.,8,30.0,SUI,2002,81,183,Right,CAN,2007.0,84.0,193.0,Right,Yes,-22.0,Low,Yes
2014,Mayer F.,Janowicz J.,37,20.0,GER,2001,82,191,Right,POL,2007.0,94.0,203.0,Right,No,17.0,Low,Yes
2014,Ferrer D.,Chardy J.,3,31.0,ESP,2000,73,175,Right,FRA,2005.0,75.0,188.0,Right,Yes,-28.0,Low,Yes
2014,Anderson K.,Roger-Vasselin E.,21,40.0,RSA,2007,93,203,Right,FRA,2002.0,75.0,188.0,Right,Yes,-19.0,Low,Yes
2014,Berdych T.,Dzumhur D.,7,188.0,CZE,2002,91,196,Right,BIH,2011.0,70.0,175.0,Right,Yes,-181.0,High,Yes
2014,Robredo T.,Gasquet R.,18,9.0,ESP,1998,75,180,Right,FRA,2002.0,75.0,185.0,Right,No,9.0,Low,Yes
2014,Fognini F.,Querrey S.,16,51.0,ITA,2004,74,178,Right,USA,2006.0,95.0,198.0,Right,Yes,-35.0,Medium,Yes
2014,Djokovic N.,Istomin D.,2,49.0,SRB,2003,77,188,Right,UZB,2004.0,88.0,188.0,Right,Yes,-47.0,Medium,Yes
2014,Robert S.,Klizan M.,119,106.0,FRA,2001,77,185,Right,SVK,2007.0,80.0,191.0,Left,No,13.0,Low,No
2014,Federer R.,Gabashvili T.,6,79.0,SUI,1998,85,185,Right,RUS,2001.0,83.0,188.0,Right,Yes,-73.0,Medium,Yes
2014,Dimitrov G.,Raonic M.,22,11.0,BUL,2008,80,191,Right,CAN,2008.0,98.0,196.0,Right,No,11.0,Low,Yes
2014,Bautista R.,Paire B.,62,28.0,ESP,2005,76,183,Right,FRA,2007.0,80.0,196.0,Right,No,34.0,Medium,Yes
2014,Murray A.,Lopez F.,4,27.0,GBR,2005,84,191,Right,ESP,1997.0,73.0,185.0,Left,Yes,-23.0,Low,No
2014,Tsonga J.W.,Simon G.,10,19.0,FRA,2004,91,188,Right,FRA,2002.0,70.0,183.0,Right,Yes,-9.0,Low,Yes
2014,Nishikori K.,Young D.,17,91.0,JPN,2007,75,178,Right,USA,2004.0,79.0,183.0,Left,Yes,-74.0,Medium,No
2014,Nadal R.,Monfils G.,1,32.0,ESP,2001,85,185,Left,FRA,2004.0,80.0,193.0,Right,Yes,-31.0,Medium,No
2014,Ferrer D.,Mayer F.,3,37.0,ESP,2000,73,175,Right,GER,2001.0,82.0,191.0,Right,Yes,-34.0,Medium,Yes
2014,Djokovic N.,Fognini F.,2,16.0,SRB,2003,77,188,Right,ITA,2004.0,74.0,178.0,Right,Yes,-14.0,Low,Yes
2014,Berdych T.,Anderson K.,7,21.0,CZE,2002,91,196,Right,RSA,2007.0,93.0,203.0,Right,Yes,-14.0,Low,Yes
2014,Wawrinka S.,Robredo T.,8,18.0,SUI,2002,81,183,Right,ESP,1998.0,75.0,180.0,Right,Yes,-10.0,Low,Yes
2014,Dimitrov G.,Bautista R.,22,62.0,BUL,2008,80,191,Right,ESP,2005.0,76.0,183.0,Right,Yes,-40.0,Medium,Yes
2014,Nadal R.,Nishikori K.,1,17.0,ESP,2001,85,185,Left,JPN,2007.0,75.0,178.0,Right,Yes,-16.0,Low,No
2014,Murray A.,Robert S.,4,119.0,GBR,2005,84,191,Right,FRA,2001.0,77.0,185.0,Right,Yes,-115.0,High,Yes
2014,Federer R.,Tsonga J.W.,6,10.0,SUI,1998,85,185,Right,FRA,2004.0,91.0,188.0,Right,Yes,-4.0,Low,Yes
2014,Berdych T.,Ferrer D.,7,3.0,CZE,2002,91,196,Right,ESP,2000.0,73.0,175.0,Right,No,4.0,Low,Yes
2014,Wawrinka S.,Djokovic N.,8,2.0,SUI,2002,81,183,Right,SRB,2003.0,77.0,188.0,Right,No,6.0,Low,Yes
2014,Nadal R.,Dimitrov G.,1,22.0,ESP,2001,85,185,Left,BUL,2008.0,80.0,191.0,Right,Yes,-21.0,Low,No
2014,Federer R.,Murray A.,6,4.0,SUI,1998,85,185,Right,GBR,2005.0,84.0,191.0,Right,No,2.0,Low,Yes
2014,Wawrinka S.,Berdych T.,8,7.0,SUI,2002,81,183,Right,CZE,2002.0,91.0,196.0,Right,No,1.0,Low,Yes
2014,Nadal R.,Federer R.,1,6.0,ESP,2001,85,185,Left,SUI,1998.0,85.0,185.0,Right,Yes,-5.0,Low,No
2014,Wawrinka S.,Nadal R.,8,1.0,SUI,2002,81,183,Right,ESP,2001.0,85.0,185.0,Left,No,7.0,Low,No
2013,Almagro N.,Johnson S.,11,175.0,ESP,2003,86,183,Right,USA,2012.0,86.0,188.0,Right,Yes,-164.0,High,Yes
2013,Nishikori K.,Hanescu V.,18,63.0,JPN,2007,75,178,Right,ROU,2000.0,88.0,198.0,Right,Yes,-45.0,Medium,Yes
2013,Rufin G.,Reister J.,92,296.0,FRA,2008,82,188,Right,GER,2005.0,87.0,188.0,Right,Yes,-204.0,High,Yes
2013,Berlocq C.,Authom M.,68,156.0,ARG,2001,81,183,Right,,,,,,Yes,-88.0,High,
2013,Benneteau J.,Dimitrov G.,38,41.0,FRA,2000,79,185,Right,BUL,2008.0,80.0,191.0,Right,Yes,-3.0,Low,Yes
2013,Gimeno-Traver D.,Kubot L.,71,76.0,ESP,2004,80,183,Right,POL,2002.0,86.0,191.0,Right,Yes,-5.0,Low,Yes
2013,Roger-Vasselin E.,Bemelmans R.,101,114.0,FRA,2002,75,188,Right,BEL,2006.0,75.0,183.0,Left,Yes,-13.0,Low,No
2013,Malisse X.,Andujar P.,55,45.0,BEL,1998,83,185,Right,ESP,2003.0,76.0,180.0,Right,No,10.0,Low,Yes
2013,Verdasco F.,Goffin D.,24,49.0,ESP,2001,87,185,Left,BEL,2009.0,68.0,180.0,Right,Yes,-25.0,Low,No
2013,Wawrinka S.,Stebe C.M.,17,164.0,SUI,2002,81,183,Right,GER,2010.0,70.0,183.0,Left,Yes,-147.0,High,No
2013,Harrison R.,Giraldo S.,62,64.0,USA,2007,84,185,Right,COL,2004.0,75.0,188.0,Right,Yes,-2.0,Low,Yes
2013,Donskoy E.,Ungur A.,82,99.0,RUS,2007,74,185,Right,ROU,2003.0,73.0,178.0,Right,Yes,-17.0,Low,Yes
2013,Berdych T.,Russell M.,6,94.0,CZE,2002,91,196,Right,USA,1998.0,70.0,173.0,Right,Yes,-88.0,High,Yes
2013,Djokovic N.,Mathieu P.H.,1,60.0,SRB,2003,77,188,Right,FRA,1999.0,74.0,185.0,Right,Yes,-59.0,Medium,Yes
2013,Youzhny M.,Ebden M.,25,108.0,RUS,1999,73,183,Right,AUS,2006.0,80.0,188.0,Right,Yes,-83.0,High,Yes
2013,Melzer J.,Kukushkin M.,29,105.0,AUT,1999,81,183,Left,KAZ,2006.0,72.0,183.0,Right,Yes,-76.0,High,No
2013,Kamke T.,Cipolla F.,90,95.0,GER,2004,76,178,Right,ITA,2003.0,74.0,173.0,Right,Yes,-5.0,Low,Yes
2013,Baker B.,Bogomolov A.,57,133.0,USA,2003,77,191,Right,RUS,2002.0,75.0,178.0,Right,Yes,-76.0,High,Yes
2013,Smyczek T.,Karlovic I.,125,103.0,USA,2006,73,175,Right,CRO,2000.0,104.0,211.0,Right,No,22.0,Low,Yes
2013,Devvarman S.,Phau B.,551,78.0,IND,2008,73,180,Right,GER,1999.0,70.0,175.0,Right,No,473.0,High,Yes
2013,Kuznetsov An.,Monaco J.,79,12.0,RUS,2008,70,183,Right,ARG,2002.0,81.0,185.0,Right,No,67.0,Medium,Yes
2013,Lopez F.,Brugues-Davi A.,42,198.0,ESP,1997,73,185,Left,ESP,2009.0,82.0,183.0,Left,Yes,-156.0,High,Yes
2013,Ito T.,Millman J.,84,184.0,JPN,2006,75,180,Right,AUS,2006.0,79.0,183.0,Right,Yes,-100.0,High,Yes
2013,Janowicz J.,Bolelli S.,26,80.0,POL,2007,94,203,Right,ITA,2003.0,83.0,183.0,Right,Yes,-54.0,Medium,Yes
2013,Ferrer D.,Rochus O.,5,126.0,ESP,2000,73,175,Right,BEL,1999.0,65.0,168.0,Right,Yes,-121.0,High,Yes
2013,Lacko L.,Muller G.,44,69.0,SVK,2005,85,185,Right,LUX,2001.0,89.0,193.0,Left,Yes,-25.0,Low,No
2013,Stepanek R.,Troicki V.,34,37.0,CZE,1996,76,185,Right,SRB,2006.0,86.0,193.0,Right,Yes,-3.0,Low,Yes
2013,Bautista R.,Fognini F.,56,47.0,ESP,2005,76,183,Right,ITA,2004.0,74.0,178.0,Right,No,9.0,Low,Yes
2013,Querrey S.,Munoz-De La Nava D.,22,174.0,USA,2006,95,198,Right,ESP,1999.0,75.0,175.0,Left,Yes,-152.0,High,No
2013,Tipsarevic J.,Hewitt L.,9,81.0,SRB,2002,80,180,Right,AUS,1998.0,77.0,178.0,Right,Yes,-72.0,Medium,Yes
2013,Anderson K.,Lorenzi P.,31,59.0,RSA,2007,93,203,Right,ITA,2003.0,77.0,183.0,Right,Yes,-28.0,Low,Yes
2013,Baghdatis M.,Ramos A.,35,51.0,CYP,2003,82,178,Right,ESP,2007.0,80.0,188.0,Left,Yes,-16.0,Low,No
2013,Murray A.,Haase R.,3,53.0,GBR,2005,84,191,Right,NED,2005.0,71.0,191.0,Right,Yes,-50.0,Medium,Yes
2013,Kavcic B.,Bellucci T.,93,33.0,SLO,2005,78,188,Right,BRA,2005.0,82.0,188.0,Left,No,60.0,Medium,No
2013,Mayer F.,Williams R.,28,194.0,GER,2001,82,191,Right,USA,2011.0,84.0,185.0,Right,Yes,-166.0,High,Yes
2013,Sousa J.,Smith J.P.,100,237.0,POR,2008,74,185,Right,AUS,2012.0,84.0,188.0,Left,Yes,-137.0,High,No
2013,Berankis R.,Stakhovsky S.,110,102.0,LTU,2007,70,175,Right,UKR,2003.0,80.0,193.0,Right,No,8.0,Low,Yes
2013,Seppi A.,Zeballos H.,23,67.0,ITA,2002,75,191,Right,ARG,2003.0,83.0,188.0,Left,Yes,-44.0,Medium,No
2013,Istomin D.,Sijsling I.,50,65.0,UZB,2004,88,188,Right,NED,2006.0,85.0,191.0,Right,Yes,-15.0,Low,Yes
2013,Raonic M.,Hajek J.,15,104.0,CAN,2008,98,196,Right,CZE,2000.0,80.0,180.0,Right,Yes,-89.0,High,Yes
2013,Soeda G.,Saville L.,73,349.0,JPN,2003,73,178,Right,AUS,2003.0,83.0,188.0,Right,Yes,-276.0,High,Yes
2013,Duckworth J.,Mitchell B.,223,334.0,AUS,2010,82,183,Right,,,,,,Yes,-111.0,High,
2013,Falla A.,Ouanna J.,54,118.0,COL,2000,77,185,Left,FRA,2004.0,91.0,193.0,Right,Yes,-64.0,Medium,No
2013,Chardy J.,Menendez-Maceiras A.,36,233.0,FRA,2005,75,188,Right,ESP,2005.0,74.0,183.0,Right,Yes,-197.0,High,Yes
2013,Weintraub A.,Pella G.,196,97.0,ISR,2005,81,188,Right,ARG,2007.0,83.0,185.0,Left,No,99.0,High,No
2013,Kohlschreiber P.,Darcis S.,19,98.0,GER,2001,70,178,Right,BEL,2003.0,77.0,178.0,Right,Yes,-79.0,High,Yes
2013,Tsonga J.W.,Llodra M.,8,52.0,FRA,2004,91,188,Right,FRA,1999.0,80.0,191.0,Left,Yes,-44.0,Medium,No
2013,Federer R.,Paire B.,2,46.0,SUI,1998,85,185,Right,FRA,2007.0,80.0,196.0,Right,Yes,-44.0,Medium,Yes
2013,Levine J.,Robredo T.,88,107.0,CAN,2007,68,175,Left,ESP,1998.0,75.0,180.0,Right,Yes,-19.0,Low,No
2013,Dodig I.,Wu D.,74,186.0,CRO,2004,83,183,Right,CHN,2009.0,65.0,175.0,Right,Yes,-112.0,High,Yes
2013,Granollers M.,Zemlja G.,32,58.0,ESP,2003,77,191,Right,SLO,2004.0,81.0,183.0,Right,Yes,-26.0,Low,Yes
2013,Cilic M.,Matosevic M.,14,48.0,CRO,2005,89,198,Right,AUS,2003.0,86.0,193.0,Right,Yes,-34.0,Medium,Yes
2013,Rosol L.,Baker J.,75,246.0,CZE,2004,84,196,Right,GBR,2008.0,81.0,182.0,Right,Yes,-171.0,High,Yes
2013,Del Potro J.M.,Mannarino A.,7,170.0,ARG,2005,97,198,Right,FRA,2004.0,70.0,180.0,Left,Yes,-163.0,High,No
2013,Nieminen J.,Haas T.,70,21.0,FIN,2000,78,185,Left,GER,1996.0,84.0,188.0,Right,No,49.0,Medium,No
2013,Becker B.,Bedene A.,66,77.0,GER,2005,72,178,Right,GBR,2008.0,72.0,183.0,Right,Yes,-11.0,Low,Yes
2013,Simon G.,Volandri F.,16,87.0,FRA,2002,70,183,Right,ITA,1997.0,73.0,183.0,Right,Yes,-71.0,Medium,Yes
2013,Lu Y.H.,Ramirez-Hidalgo R.,61,91.0,TPE,2001,74,180,Right,ESP,1998.0,74.0,183.0,Right,Yes,-30.0,Low,Yes
2013,Gasquet R.,Montanes A.,10,96.0,FRA,2002,75,185,Right,ESP,1999.0,70.0,175.0,Right,Yes,-86.0,High,Yes
2013,Davydenko N.,Sela D.,40,113.0,RUS,1999,70,178,Right,ISR,2002.0,65.0,175.0,Right,Yes,-73.0,Medium,Yes
2013,Ram R.,Garcia-Lopez G.,130,85.0,USA,2004,82,193,Right,ESP,2002.0,80.0,185.0,Right,No,45.0,Medium,Yes
2013,Brands D.,Klizan M.,120,30.0,GER,2005,92,196,Right,SVK,2007.0,80.0,191.0,Left,No,90.0,High,No
2013,Monfils G.,Dolgopolov O.,86,20.0,FRA,2004,80,193,Right,UKR,2006.0,71.0,180.0,Right,No,66.0,Medium,Yes
2013,Tomic B.,Mayer L.,43,72.0,AUS,2008,91,196,Right,ARG,2003.0,80.0,191.0,Right,Yes,-29.0,Low,Yes
2013,Almagro N.,Gimeno-Traver D.,11,71.0,ESP,2003,86,183,Right,ESP,2004.0,80.0,183.0,Right,Yes,-60.0,Medium,Yes
2013,Nishikori K.,Berlocq C.,18,68.0,JPN,2007,75,178,Right,ARG,2001.0,81.0,183.0,Right,Yes,-50.0,Medium,Yes
2013,Janowicz J.,Devvarman S.,26,551.0,POL,2007,94,203,Right,IND,2008.0,73.0,180.0,Right,Yes,-525.0,High,Yes
2013,Querrey S.,Baker B.,22,57.0,USA,2006,95,198,Right,USA,2003.0,77.0,191.0,Right,Yes,-35.0,Medium,Yes
2013,Melzer J.,Bautista R.,29,56.0,AUT,1999,81,183,Left,ESP,2005.0,76.0,183.0,Right,Yes,-27.0,Low,No
2013,Berdych T.,Rufin G.,6,92.0,CZE,2002,91,196,Right,FRA,2008.0,82.0,188.0,Right,Yes,-86.0,High,Yes
2013,Donskoy E.,Youzhny M.,82,25.0,RUS,2007,74,185,Right,RUS,1999.0,73.0,183.0,Right,No,57.0,Medium,Yes
2013,Wawrinka S.,Kamke T.,17,90.0,SUI,2002,81,183,Right,GER,2004.0,76.0,178.0,Right,Yes,-73.0,Medium,Yes
2013,Ferrer D.,Smyczek T.,5,125.0,ESP,2000,73,175,Right,USA,2006.0,73.0,175.0,Right,Yes,-120.0,High,Yes
2013,Baghdatis M.,Ito T.,35,84.0,CYP,2003,82,178,Right,JPN,2006.0,75.0,180.0,Right,Yes,-49.0,Medium,Yes
2013,Benneteau J.,Roger-Vasselin E.,38,101.0,FRA,2000,79,185,Right,FRA,2002.0,75.0,188.0,Right,Yes,-63.0,Medium,Yes
2013,Stepanek R.,Lopez F.,34,42.0,CZE,1996,76,185,Right,ESP,1997.0,73.0,185.0,Left,Yes,-8.0,Low,No
2013,Tipsarevic J.,Lacko L.,9,44.0,SRB,2002,80,180,Right,SVK,2005.0,85.0,185.0,Right,Yes,-35.0,Medium,Yes
2013,Anderson K.,Kuznetsov An.,31,79.0,RSA,2007,93,203,Right,RUS,2008.0,70.0,183.0,Right,Yes,-48.0,Medium,Yes
2013,Verdasco F.,Malisse X.,24,55.0,ESP,2001,87,185,Left,BEL,1998.0,83.0,185.0,Right,Yes,-31.0,Medium,No
2013,Djokovic N.,Harrison R.,1,62.0,SRB,2003,77,188,Right,USA,2007.0,84.0,185.0,Right,Yes,-61.0,Medium,Yes
2013,Berankis R.,Mayer F.,110,28.0,LTU,2007,70,175,Right,GER,2001.0,82.0,191.0,Right,No,82.0,High,Yes
2013,Seppi A.,Istomin D.,23,50.0,ITA,2002,75,191,Right,UZB,2004.0,88.0,188.0,Right,Yes,-27.0,Low,Yes
2013,Tsonga J.W.,Soeda G.,8,73.0,FRA,2004,91,188,Right,JPN,2003.0,73.0,178.0,Right,Yes,-65.0,Medium,Yes
2013,Kohlschreiber P.,Weintraub A.,19,196.0,GER,2001,70,178,Right,ISR,2005.0,81.0,188.0,Right,Yes,-177.0,High,Yes
2013,Kavcic B.,Duckworth J.,93,223.0,SLO,2005,78,188,Right,AUS,2010.0,82.0,183.0,Right,Yes,-130.0,High,Yes
2013,Raonic M.,Rosol L.,15,75.0,CAN,2008,98,196,Right,CZE,2004.0,84.0,196.0,Right,Yes,-60.0,Medium,Yes
2013,Murray A.,Sousa J.,3,100.0,GBR,2005,84,191,Right,POR,2008.0,74.0,185.0,Right,Yes,-97.0,High,Yes
2013,Tomic B.,Brands D.,43,120.0,AUS,2008,91,196,Right,GER,2005.0,92.0,196.0,Right,Yes,-77.0,High,Yes
2013,Chardy J.,Granollers M.,36,32.0,FRA,2005,75,188,Right,ESP,2003.0,77.0,191.0,Right,No,4.0,Low,Yes
2013,Cilic M.,Ram R.,14,130.0,CRO,2005,89,198,Right,USA,2004.0,82.0,193.0,Right,Yes,-116.0,High,Yes
2013,Simon G.,Levine J.,16,88.0,FRA,2002,70,183,Right,CAN,2007.0,68.0,175.0,Left,Yes,-72.0,Medium,No
2013,Monfils G.,Lu Y.H.,86,61.0,FRA,2004,80,193,Right,TPE,2001.0,74.0,180.0,Right,No,25.0,Low,Yes
2013,Dodig I.,Nieminen J.,74,70.0,CRO,2004,83,183,Right,FIN,2000.0,78.0,185.0,Left,No,4.0,Low,No
2013,Federer R.,Davydenko N.,2,40.0,SUI,1998,85,185,Right,RUS,1999.0,70.0,178.0,Right,Yes,-38.0,Medium,Yes
2013,Del Potro J.M.,Becker B.,7,66.0,ARG,2005,97,198,Right,GER,2005.0,72.0,178.0,Right,Yes,-59.0,Medium,Yes
2013,Gasquet R.,Falla A.,10,54.0,FRA,2002,75,185,Right,COL,2000.0,77.0,185.0,Left,Yes,-44.0,Medium,No
2013,Tipsarevic J.,Benneteau J.,9,38.0,SRB,2002,80,180,Right,FRA,2000.0,79.0,185.0,Right,Yes,-29.0,Low,Yes
2013,Djokovic N.,Stepanek R.,1,34.0,SRB,2003,77,188,Right,CZE,1996.0,76.0,185.0,Right,Yes,-33.0,Medium,Yes
2013,Anderson K.,Verdasco F.,31,24.0,RSA,2007,93,203,Right,ESP,2001.0,87.0,185.0,Left,No,7.0,Low,No
2013,Almagro N.,Janowicz J.,11,26.0,ESP,2003,86,183,Right,POL,2007.0,94.0,203.0,Right,Yes,-15.0,Low,Yes
2013,Nishikori K.,Donskoy E.,18,82.0,JPN,2007,75,178,Right,RUS,2007.0,74.0,185.0,Right,Yes,-64.0,Medium,Yes
2013,Wawrinka S.,Querrey S.,17,22.0,SUI,2002,81,183,Right,USA,2006.0,95.0,198.0,Right,Yes,-5.0,Low,Yes
2013,Berdych T.,Melzer J.,6,29.0,CZE,2002,91,196,Right,AUT,1999.0,81.0,183.0,Left,Yes,-23.0,Low,No
2013,Ferrer D.,Baghdatis M.,5,35.0,ESP,2000,73,175,Right,CYP,2003.0,82.0,178.0,Right,Yes,-30.0,Low,Yes
2013,Gasquet R.,Dodig I.,10,74.0,FRA,2002,75,185,Right,CRO,2004.0,83.0,183.0,Right,Yes,-64.0,Medium,Yes
2013,Chardy J.,Del Potro J.M.,36,7.0,FRA,2005,75,188,Right,ARG,2005.0,97.0,198.0,Right,No,29.0,Low,Yes
2013,Seppi A.,Cilic M.,23,14.0,ITA,2002,75,191,Right,CRO,2005.0,89.0,198.0,Right,No,9.0,Low,Yes
2013,Murray A.,Berankis R.,3,110.0,GBR,2005,84,191,Right,LTU,2007.0,70.0,175.0,Right,Yes,-107.0,High,Yes
2013,Tsonga J.W.,Kavcic B.,8,93.0,FRA,2004,91,188,Right,SLO,2005.0,78.0,188.0,Right,Yes,-85.0,High,Yes
2013,Raonic M.,Kohlschreiber P.,15,19.0,CAN,2008,98,196,Right,GER,2001.0,70.0,178.0,Right,Yes,-4.0,Low,Yes
2013,Federer R.,Tomic B.,2,43.0,SUI,1998,85,185,Right,AUS,2008.0,91.0,196.0,Right,Yes,-41.0,Medium,Yes
2013,Simon G.,Monfils G.,16,86.0,FRA,2002,70,183,Right,FRA,2004.0,80.0,193.0,Right,Yes,-70.0,Medium,Yes
2013,Ferrer D.,Nishikori K.,5,18.0,ESP,2000,73,175,Right,JPN,2007.0,75.0,178.0,Right,Yes,-13.0,Low,Yes
2013,Almagro N.,Tipsarevic J.,11,9.0,ESP,2003,86,183,Right,SRB,2002.0,80.0,180.0,Right,No,2.0,Low,Yes
2013,Berdych T.,Anderson K.,6,31.0,CZE,2002,91,196,Right,RSA,2007.0,93.0,203.0,Right,Yes,-25.0,Low,Yes
2013,Djokovic N.,Wawrinka S.,1,17.0,SRB,2003,77,188,Right,SUI,2002.0,81.0,183.0,Right,Yes,-16.0,Low,Yes
2013,Chardy J.,Seppi A.,36,23.0,FRA,2005,75,188,Right,ITA,2002.0,75.0,191.0,Right,No,13.0,Low,Yes
2013,Tsonga J.W.,Gasquet R.,8,10.0,FRA,2004,91,188,Right,FRA,2002.0,75.0,185.0,Right,Yes,-2.0,Low,Yes
2013,Murray A.,Simon G.,3,16.0,GBR,2005,84,191,Right,FRA,2002.0,70.0,183.0,Right,Yes,-13.0,Low,Yes
2013,Federer R.,Raonic M.,2,15.0,SUI,1998,85,185,Right,CAN,2008.0,98.0,196.0,Right,Yes,-13.0,Low,Yes
2013,Ferrer D.,Almagro N.,5,11.0,ESP,2000,73,175,Right,ESP,2003.0,86.0,183.0,Right,Yes,-6.0,Low,Yes
2013,Djokovic N.,Berdych T.,1,6.0,SRB,2003,77,188,Right,CZE,2002.0,91.0,196.0,Right,Yes,-5.0,Low,Yes
2013,Murray A.,Chardy J.,3,36.0,GBR,2005,84,191,Right,FRA,2005.0,75.0,188.0,Right,Yes,-33.0,Medium,Yes
2013,Federer R.,Tsonga J.W.,2,8.0,SUI,1998,85,185,Right,FRA,2004.0,91.0,188.0,Right,Yes,-6.0,Low,Yes
2013,Djokovic N.,Ferrer D.,1,5.0,SRB,2003,77,188,Right,ESP,2000.0,73.0,175.0,Right,Yes,-4.0,Low,Yes
2013,Murray A.,Federer R.,3,2.0,GBR,2005,84,191,Right,SUI,1998.0,85.0,185.0,Right,No,1.0,Low,Yes
2013,Djokovic N.,Murray A.,1,3.0,SRB,2003,77,188,Right,GBR,2005.0,84.0,191.0,Right,Yes,-2.0,Low,Yes
2012,Cipolla F.,Davydenko N.,76,52.0,ITA,2003,74,173,Right,RUS,1999.0,70.0,178.0,Right,No,24.0,Low,Yes
2012,Almagro N.,Kubot L.,10,58.0,ESP,2003,86,183,Right,POL,2002.0,86.0,191.0,Right,Yes,-48.0,Medium,Yes
2012,Riba P.,Montanes A.,88,50.0,ESP,2004,78,183,Right,ESP,1999.0,70.0,175.0,Right,No,38.0,Medium,Yes
2012,Stakhovsky S.,Marchenko I.,65,246.0,UKR,2003,80,193,Right,UKR,2006.0,82.0,185.0,Right,Yes,-181.0,High,Yes
2012,Del Potro J.M.,Mannarino A.,11,91.0,ARG,2005,97,198,Right,FRA,2004.0,70.0,180.0,Left,Yes,-80.0,High,No
2012,Lopez F.,Mayer L.,19,21.0,ESP,1997,73,185,Left,ARG,2003.0,80.0,191.0,Right,Yes,-2.0,Low,No
2012,Anderson K.,Nielsen F.,32,240.0,RSA,2007,93,203,Right,DEN,2001.0,86.0,188.0,Right,Yes,-208.0,High,Yes
2012,Kavcic B.,Ward J.,103,347.0,SLO,2005,78,188,Right,GBR,2006.0,74.0,191.0,Right,Yes,-244.0,High,Yes
2012,Berdych T.,Ramos A.,7,67.0,CZE,2002,91,196,Right,ESP,2007.0,80.0,188.0,Left,Yes,-60.0,Medium,No
2012,Tomic B.,Verdasco F.,38,24.0,AUS,2008,91,196,Right,ESP,2001.0,87.0,185.0,Left,No,14.0,Low,No
2012,Kamke T.,Hanescu V.,98,90.0,GER,2004,76,178,Right,ROU,2000.0,88.0,198.0,Right,No,8.0,Low,Yes
2012,Karlovic I.,Melzer J.,57,33.0,CRO,2000,104,211,Right,AUT,1999.0,81.0,183.0,Left,No,24.0,Low,No
2012,Fish M.,Muller G.,8,55.0,USA,2000,82,188,Right,LUX,2001.0,89.0,193.0,Left,Yes,-47.0,Medium,No
2012,Berlocq C.,Huta Galung J.,61,233.0,ARG,2001,81,183,Right,NED,2004.0,89.0,195.0,Right,Yes,-172.0,High,Yes
2012,Kohlschreiber P.,Monaco J.,41,27.0,GER,2001,70,178,Right,ARG,2002.0,81.0,185.0,Right,No,14.0,Low,Yes
2012,Wawrinka S.,Paire B.,22,84.0,SUI,2002,81,183,Right,FRA,2007.0,80.0,196.0,Right,Yes,-62.0,Medium,Yes
2012,Querrey S.,De Schepper K.,95,135.0,USA,2006,95,198,Right,FRA,2010.0,104.0,203.0,Left,Yes,-40.0,Medium,No
2012,Falla A.,Fognini F.,71,47.0,COL,2000,77,185,Left,ITA,2004.0,74.0,178.0,Right,No,24.0,Low,No
2012,Haas T.,Kudla D.,190,276.0,GER,1996,84,188,Right,USA,2010.0,75.0,180.0,Right,Yes,-86.0,High,Yes
2012,Dimitrov G.,Chardy J.,78,82.0,BUL,2008,80,191,Right,FRA,2005.0,75.0,188.0,Right,Yes,-4.0,Low,Yes
2012,Serra F.,Darcis S.,156,85.0,FRA,2000,78,180,Right,BEL,2003.0,77.0,178.0,Right,No,71.0,Medium,Yes
2012,Young D.,Gojowczyk P.,42,248.0,USA,2004,79,183,Left,GER,2006.0,83.0,188.0,Right,Yes,-206.0,High,No
2012,Lacko L.,Ljubicic I.,119,30.0,SVK,2005,85,185,Right,CRO,1998.0,92.0,193.0,Right,No,89.0,High,Yes
2012,Dolgopolov O.,Jones G.,13,198.0,UKR,2006,71,180,Right,AUS,2003.0,87.0,193.0,Right,Yes,-185.0,High,Yes
2012,Rochus O.,Phau B.,54,174.0,BEL,1999,65,168,Right,GER,1999.0,70.0,175.0,Right,Yes,-120.0,High,Yes
2012,Baghdatis M.,Becker B.,44,304.0,CYP,2003,82,178,Right,GER,2005.0,72.0,178.0,Right,Yes,-260.0,High,Yes
2012,Nadal R.,Kuznetsov A.,2,167.0,ESP,2001,85,185,Left,USA,2004.0,78.0,183.0,Right,Yes,-165.0,High,No
2012,Isner J.,Mitchell B.,17,222.0,USA,2007,108,208,Right,,,,,,Yes,-205.0,High,
2012,Lu Y.H.,De Voest R.,79,126.0,TPE,2001,74,180,Right,RSA,1999.0,68.0,180.0,Right,Yes,-47.0,Medium,Yes
2012,Beck A.,Prodon E.,93,96.0,GER,2003,89,191,Left,FRA,2000.0,76.0,180.0,Right,Yes,-3.0,Low,No
2012,Federer R.,Kudryavtsev A.,3,172.0,SUI,1998,85,185,Right,RUS,2003.0,79.0,183.0,Right,Yes,-169.0,High,Yes
2012,Nalbandian D.,Nieminen J.,87,49.0,ARG,2000,79,180,Right,FIN,2000.0,78.0,185.0,Left,No,38.0,Medium,No
2012,Bogomolov A.,Gimeno-Traver D.,34,104.0,RUS,2002,75,178,Right,ESP,2004.0,80.0,183.0,Right,Yes,-70.0,Medium,Yes
2012,Ferrer D.,Machado R.,5,70.0,ESP,2000,73,175,Right,POR,2002.0,70.0,178.0,Right,Yes,-65.0,Medium,Yes
2012,Nishikori K.,Robert S.,26,106.0,JPN,2007,75,178,Right,FRA,2001.0,77.0,185.0,Right,Yes,-80.0,High,Yes
2012,Petzschner P.,Rosol L.,63,69.0,GER,2001,77,185,Right,CZE,2004.0,84.0,196.0,Right,Yes,-6.0,Low,Yes
2012,Gasquet R.,Seppi A.,18,40.0,FRA,2002,75,185,Right,ITA,2002.0,75.0,191.0,Right,Yes,-22.0,Low,Yes
2012,Giraldo S.,Viola Mat.,56,153.0,COL,2004,75,188,Right,,,,,,Yes,-97.0,High,
2012,Golubev A.,Youzhny M.,146,35.0,KAZ,2005,79,183,Right,RUS,1999.0,73.0,183.0,Right,No,111.0,High,Yes
2012,Djokovic N.,Lorenzi P.,1,109.0,SRB,2003,77,188,Right,ITA,2003.0,77.0,183.0,Right,Yes,-108.0,High,Yes
2012,Roger-Vasselin E.,Malisse X.,101,64.0,FRA,2002,75,188,Right,BEL,1998.0,83.0,185.0,Right,No,37.0,Medium,Yes
2012,Chela J.I.,Russell M.,29,97.0,ARG,1998,75,191,Right,USA,1998.0,70.0,173.0,Right,Yes,-68.0,Medium,Yes
2012,Raonic M.,Volandri F.,25,72.0,CAN,2008,98,196,Right,ITA,1997.0,73.0,183.0,Right,Yes,-47.0,Medium,Yes
2012,Llodra M.,Gulbis E.,46,73.0,FRA,1999,80,191,Left,LAT,2004.0,88.0,193.0,Right,Yes,-27.0,Low,No
2012,Tipsarevic J.,Tursunov D.,9,43.0,SRB,2002,80,180,Right,RUS,2000.0,82.0,185.0,Right,Yes,-34.0,Medium,Yes
2012,Ito T.,Starace P.,117,62.0,JPN,2006,75,180,Right,ITA,2001.0,84.0,188.0,Right,No,55.0,Medium,Yes
2012,Duckworth J.,Zopp J.,250,148.0,AUS,2010,82,183,Right,EST,2008.0,88.0,191.0,Right,No,102.0,High,Yes
2012,Sweeting R.,Bachinger M.,68,89.0,USA,2007,83,196,Right,GER,2005.0,86.0,188.0,Right,Yes,-21.0,Low,Yes
2012,Granollers M.,Levine J.,28,158.0,ESP,2003,77,191,Right,CAN,2007.0,68.0,175.0,Left,Yes,-130.0,High,No
2012,Monfils G.,Matosevic M.,15,203.0,FRA,2004,80,193,Right,AUS,2003.0,86.0,193.0,Right,Yes,-188.0,High,Yes
2012,Murray A.,Harrison R.,4,77.0,GBR,2005,84,191,Right,USA,2007.0,84.0,185.0,Right,Yes,-73.0,Medium,Yes
2012,Andujar P.,Kunitsyn I.,45,74.0,ESP,2003,76,180,Right,RUS,1999.0,75.0,180.0,Right,Yes,-29.0,Low,Yes
2012,Mello R.,Bautista R.,108,175.0,BRA,1999,73,175,Left,ESP,2005.0,76.0,183.0,Right,Yes,-67.0,Medium,No
2012,Bellucci T.,Sela D.,37,75.0,BRA,2005,82,188,Left,ISR,2002.0,65.0,175.0,Right,Yes,-38.0,Medium,No
2012,Mahut N.,Stepanek R.,81,31.0,FRA,2000,80,191,Right,CZE,1996.0,76.0,185.0,Right,No,50.0,Medium,Yes
2012,Gil F.,Dodig I.,107,36.0,POR,2003,78,173,Right,CRO,2004.0,83.0,183.0,Right,No,71.0,Medium,Yes
2012,Simon G.,Udomchoke D.,14,201.0,FRA,2002,70,183,Right,THA,1997.0,64.0,173.0,Right,Yes,-187.0,High,Yes
2012,Ebden M.,Souza J.,94,105.0,AUS,2006,80,188,Right,BRA,2006.0,92.0,193.0,Right,Yes,-11.0,Low,Yes
2012,Roddick A.,Haase R.,16,53.0,USA,2000,88,188,Right,NED,2005.0,71.0,191.0,Right,Yes,-37.0,Medium,Yes
2012,Kukushkin M.,Garcia-Lopez G.,92,66.0,KAZ,2006,72,183,Right,ESP,2002.0,80.0,185.0,Right,No,26.0,Low,Yes
2012,Benneteau J.,Beck K.,39,100.0,FRA,2000,79,185,Right,SVK,2001.0,74.0,180.0,Right,Yes,-61.0,Medium,Yes
2012,Hewitt L.,Stebe C.M.,181,83.0,AUS,1998,77,178,Right,GER,2010.0,70.0,183.0,Left,No,98.0,High,No
2012,Tsonga J.W.,Istomin D.,6,60.0,FRA,2004,91,188,Right,UZB,2004.0,88.0,188.0,Right,Yes,-54.0,Medium,Yes
2012,Troicki V.,Ferrero J.C.,23,48.0,SRB,2006,86,193,Right,ESP,1998.0,73.0,183.0,Right,Yes,-25.0,Low,Yes
2012,Falla A.,Fish M.,71,8.0,COL,2000,77,185,Left,USA,2000.0,82.0,188.0,Right,No,63.0,Medium,No
2012,Kohlschreiber P.,Riba P.,41,88.0,GER,2001,70,178,Right,ESP,2004.0,78.0,183.0,Right,Yes,-47.0,Medium,Yes
2012,Berdych T.,Rochus O.,7,54.0,CZE,2002,91,196,Right,BEL,1999.0,65.0,168.0,Right,Yes,-47.0,Medium,Yes
2012,Lu Y.H.,Serra F.,79,156.0,TPE,2001,74,180,Right,FRA,2000.0,78.0,180.0,Right,Yes,-77.0,High,Yes
2012,Anderson K.,Stakhovsky S.,32,65.0,RSA,2007,93,203,Right,UKR,2003.0,80.0,193.0,Right,Yes,-33.0,Medium,Yes
2012,Del Potro J.M.,Kavcic B.,11,103.0,ARG,2005,97,198,Right,SLO,2005.0,78.0,188.0,Right,Yes,-92.0,High,Yes
2012,Lopez F.,Cipolla F.,19,76.0,ESP,1997,73,185,Left,ITA,2003.0,74.0,173.0,Right,Yes,-57.0,Medium,No
2012,Nadal R.,Haas T.,2,190.0,ESP,2001,85,185,Left,GER,1996.0,84.0,188.0,Right,Yes,-188.0,High,No
2012,Isner J.,Nalbandian D.,17,87.0,USA,2007,108,208,Right,ARG,2000.0,79.0,180.0,Right,Yes,-70.0,Medium,Yes
2012,Lacko L.,Young D.,119,42.0,SVK,2005,85,185,Right,USA,2004.0,79.0,183.0,Left,No,77.0,High,No
2012,Federer R.,Beck A.,3,93.0,SUI,1998,85,185,Right,GER,2003.0,89.0,191.0,Left,Yes,-90.0,High,No
2012,Dolgopolov O.,Kamke T.,13,98.0,UKR,2006,71,180,Right,GER,2004.0,76.0,178.0,Right,Yes,-85.0,High,Yes
2012,Karlovic I.,Berlocq C.,57,61.0,CRO,2000,104,211,Right,ARG,2001.0,81.0,183.0,Right,Yes,-4.0,Low,Yes
2012,Almagro N.,Dimitrov G.,10,78.0,ESP,2003,86,183,Right,BUL,2008.0,80.0,191.0,Right,Yes,-68.0,Medium,Yes
2012,Tomic B.,Querrey S.,38,95.0,AUS,2008,91,196,Right,USA,2006.0,95.0,198.0,Right,Yes,-57.0,Medium,Yes
2012,Wawrinka S.,Baghdatis M.,22,44.0,SUI,2002,81,183,Right,CYP,2003.0,82.0,178.0,Right,Yes,-22.0,Low,Yes
2012,Raonic M.,Petzschner P.,25,63.0,CAN,2008,98,196,Right,GER,2001.0,77.0,185.0,Right,Yes,-38.0,Medium,Yes
2012,Chela J.I.,Andujar P.,29,45.0,ARG,1998,75,191,Right,ESP,2003.0,76.0,180.0,Right,Yes,-16.0,Low,Yes
2012,Llodra M.,Bogomolov A.,46,34.0,FRA,1999,80,191,Left,RUS,2002.0,75.0,178.0,Right,No,12.0,Low,No
2012,Tsonga J.W.,Mello R.,6,108.0,FRA,2004,91,188,Right,BRA,1999.0,73.0,175.0,Left,Yes,-102.0,High,No
2012,Tipsarevic J.,Duckworth J.,9,250.0,SRB,2002,80,180,Right,AUS,2010.0,82.0,183.0,Right,Yes,-241.0,High,Yes
2012,Ferrer D.,Sweeting R.,5,68.0,ESP,2000,73,175,Right,USA,2007.0,83.0,196.0,Right,Yes,-63.0,Medium,Yes
2012,Gil F.,Granollers M.,107,28.0,POR,2003,78,173,Right,ESP,2003.0,77.0,191.0,Right,No,79.0,High,Yes
2012,Mahut N.,Ito T.,81,117.0,FRA,2000,80,191,Right,JPN,2006.0,75.0,180.0,Right,Yes,-36.0,Medium,Yes
2012,Djokovic N.,Giraldo S.,1,56.0,SRB,2003,77,188,Right,COL,2004.0,75.0,188.0,Right,Yes,-55.0,Medium,Yes
2012,Nishikori K.,Ebden M.,26,94.0,JPN,2007,75,178,Right,AUS,2006.0,80.0,188.0,Right,Yes,-68.0,Medium,Yes
2012,Gasquet R.,Golubev A.,18,146.0,FRA,2002,75,185,Right,KAZ,2005.0,79.0,183.0,Right,Yes,-128.0,High,Yes
2012,Murray A.,Roger-Vasselin E.,4,101.0,GBR,2005,84,191,Right,FRA,2002.0,75.0,188.0,Right,Yes,-97.0,High,Yes
2012,Kukushkin M.,Troicki V.,92,23.0,KAZ,2006,72,183,Right,SRB,2006.0,86.0,193.0,Right,No,69.0,Medium,Yes
2012,Benneteau J.,Simon G.,39,14.0,FRA,2000,79,185,Right,FRA,2002.0,70.0,183.0,Right,No,25.0,Low,Yes
2012,Monfils G.,Bellucci T.,15,37.0,FRA,2004,80,193,Right,BRA,2005.0,82.0,188.0,Left,Yes,-22.0,Low,No
2012,Hewitt L.,Roddick A.,181,16.0,AUS,1998,77,178,Right,USA,2000.0,88.0,188.0,Right,No,165.0,High,Yes
2012,Nadal R.,Lacko L.,2,119.0,ESP,2001,85,185,Left,SVK,2005.0,85.0,185.0,Right,Yes,-117.0,High,No
2012,Federer R.,Karlovic I.,3,57.0,SUI,1998,85,185,Right,CRO,2000.0,104.0,211.0,Right,Yes,-54.0,Medium,Yes
2012,Berdych T.,Anderson K.,7,32.0,CZE,2002,91,196,Right,RSA,2007.0,93.0,203.0,Right,Yes,-25.0,Low,Yes
2012,Lopez F.,Isner J.,19,17.0,ESP,1997,73,185,Left,USA,2007.0,108.0,208.0,Right,No,2.0,Low,No
2012,Kohlschreiber P.,Falla A.,41,71.0,GER,2001,70,178,Right,COL,2000.0,77.0,185.0,Left,Yes,-30.0,Low,No
2012,Almagro N.,Wawrinka S.,10,22.0,ESP,2003,86,183,Right,SUI,2002.0,81.0,183.0,Right,Yes,-12.0,Low,Yes
2012,Tomic B.,Dolgopolov O.,38,13.0,AUS,2008,91,196,Right,UKR,2006.0,71.0,180.0,Right,No,25.0,Low,Yes
2012,Del Potro J.M.,Lu Y.H.,11,79.0,ARG,2005,97,198,Right,TPE,2001.0,74.0,180.0,Right,Yes,-68.0,Medium,Yes
2012,Tsonga J.W.,Gil F.,6,107.0,FRA,2004,91,188,Right,POR,2003.0,78.0,173.0,Right,Yes,-101.0,High,Yes
2012,Ferrer D.,Chela J.I.,5,29.0,ESP,2000,73,175,Right,ARG,1998.0,75.0,191.0,Right,Yes,-24.0,Low,Yes
2012,Djokovic N.,Mahut N.,1,81.0,SRB,2003,77,188,Right,FRA,2000.0,80.0,191.0,Right,Yes,-80.0,High,Yes
2012,Gasquet R.,Tipsarevic J.,18,9.0,FRA,2002,75,185,Right,SRB,2002.0,80.0,180.0,Right,No,9.0,Low,Yes
2012,Nishikori K.,Benneteau J.,26,39.0,JPN,2007,75,178,Right,FRA,2000.0,79.0,185.0,Right,Yes,-13.0,Low,Yes
2012,Kukushkin M.,Monfils G.,92,15.0,KAZ,2006,72,183,Right,FRA,2004.0,80.0,193.0,Right,No,77.0,High,Yes
2012,Murray A.,Llodra M.,4,46.0,GBR,2005,84,191,Right,FRA,1999.0,80.0,191.0,Left,Yes,-42.0,Medium,No
2012,Hewitt L.,Raonic M.,181,25.0,AUS,1998,77,178,Right,CAN,2008.0,98.0,196.0,Right,No,156.0,High,Yes
2012,Nadal R.,Lopez F.,2,19.0,ESP,2001,85,185,Left,ESP,1997.0,73.0,185.0,Left,Yes,-17.0,Low,Yes
2012,Berdych T.,Almagro N.,7,10.0,CZE,2002,91,196,Right,ESP,2003.0,86.0,183.0,Right,Yes,-3.0,Low,Yes
2012,Del Potro J.M.,Kohlschreiber P.,11,41.0,ARG,2005,97,198,Right,GER,2001.0,70.0,178.0,Right,Yes,-30.0,Low,Yes
2012,Federer R.,Tomic B.,3,38.0,SUI,1998,85,185,Right,AUS,2008.0,91.0,196.0,Right,Yes,-35.0,Medium,Yes
2012,Murray A.,Kukushkin M.,4,92.0,GBR,2005,84,191,Right,KAZ,2006.0,72.0,183.0,Right,Yes,-88.0,High,Yes
2012,Nishikori K.,Tsonga J.W.,26,6.0,JPN,2007,75,178,Right,FRA,2004.0,91.0,188.0,Right,No,20.0,Low,Yes
2012,Ferrer D.,Gasquet R.,5,18.0,ESP,2000,73,175,Right,FRA,2002.0,75.0,185.0,Right,Yes,-13.0,Low,Yes
2012,Djokovic N.,Hewitt L.,1,181.0,SRB,2003,77,188,Right,AUS,1998.0,77.0,178.0,Right,Yes,-180.0,High,Yes
2012,Federer R.,Del Potro J.M.,3,11.0,SUI,1998,85,185,Right,ARG,2005.0,97.0,198.0,Right,Yes,-8.0,Low,Yes
2012,Nadal R.,Berdych T.,2,7.0,ESP,2001,85,185,Left,CZE,2002.0,91.0,196.0,Right,Yes,-5.0,Low,No
2012,Murray A.,Nishikori K.,4,26.0,GBR,2005,84,191,Right,JPN,2007.0,75.0,178.0,Right,Yes,-22.0,Low,Yes
2012,Djokovic N.,Ferrer D.,1,5.0,SRB,2003,77,188,Right,ESP,2000.0,73.0,175.0,Right,Yes,-4.0,Low,Yes
2012,Nadal R.,Federer R.,2,3.0,ESP,2001,85,185,Left,SUI,1998.0,85.0,185.0,Right,Yes,-1.0,Low,No
2012,Djokovic N.,Murray A.,1,4.0,SRB,2003,77,188,Right,GBR,2005.0,84.0,191.0,Right,Yes,-3.0,Low,Yes
2012,Djokovic N.,Nadal R.,1,2.0,SRB,2003,77,188,Right,ESP,2001.0,85.0,185.0,Left,Yes,-1.0,Low,No
2011,Haase R.,Berlocq C.,62,67.0,NED,2005,71,191,Right,ARG,2001.0,81.0,183.0,Right,Yes,-5.0,Low,Yes
2011,Monfils G.,De Bakker T.,12,47.0,FRA,2004,80,193,Right,NED,2005.0,83.0,193.0,Right,Yes,-35.0,Medium,Yes
2011,Nishikori K.,Fognini F.,82,58.0,JPN,2007,75,178,Right,ITA,2004.0,74.0,178.0,Right,No,24.0,Low,Yes
2011,Kunitsyn I.,Przysiezny M.,99,84.0,RUS,1999,75,180,Right,POL,2001.0,84.0,185.0,Right,No,15.0,Low,Yes
2011,Gil F.,Cuevas P.,91,64.0,POR,2003,78,173,Right,URU,2004.0,80.0,180.0,Right,No,27.0,Low,Yes
2011,Monaco J.,Greul S.,28,131.0,ARG,2002,81,185,Right,GER,2000.0,80.0,185.0,Right,Yes,-103.0,High,Yes
2011,Kubot L.,Querrey S.,72,18.0,POL,2002,86,191,Right,USA,2006.0,95.0,198.0,Right,No,54.0,Medium,Yes
2011,Stakhovsky S.,Brands D.,43,102.0,UKR,2003,80,193,Right,GER,2005.0,92.0,196.0,Right,Yes,-59.0,Medium,Yes
2011,Fish M.,Hanescu V.,17,50.0,USA,2000,82,188,Right,ROU,2000.0,88.0,198.0,Right,Yes,-33.0,Medium,Yes
2011,Mayer F.,Davydenko N.,36,25.0,GER,2001,82,191,Right,RUS,1999.0,70.0,178.0,Right,No,11.0,Low,Yes
2011,Mannarino A.,Harrison R.,74,172.0,FRA,2004,70,180,Left,USA,2007.0,84.0,185.0,Right,Yes,-98.0,High,No
2011,Malisse X.,Andujar P.,45,70.0,BEL,1998,83,185,Right,ESP,2003.0,76.0,180.0,Right,Yes,-25.0,Low,Yes
2011,Kohlschreiber P.,Kamke T.,35,65.0,GER,2001,70,178,Right,GER,2004.0,76.0,178.0,Right,Yes,-30.0,Low,Yes
2011,Federer R.,Lacko L.,2,97.0,SUI,1998,85,185,Right,SVK,2005.0,85.0,185.0,Right,Yes,-95.0,High,Yes
2011,Montanes A.,Brown D.,26,89.0,ESP,1999,70,175,Right,GER,2002.0,78.0,196.0,Right,Yes,-63.0,Medium,Yes
2011,Roddick A.,Hajek J.,8,96.0,USA,2000,88,188,Right,CZE,2000.0,80.0,180.0,Right,Yes,-88.0,High,Yes
2011,Andreev I.,Volandri F.,75,88.0,RUS,2002,80,185,Right,ITA,1997.0,73.0,183.0,Right,Yes,-13.0,Low,Yes
2011,Mahut N.,Dabul B.,132,109.0,FRA,2000,80,191,Right,ARG,2001.0,70.0,170.0,Left,No,23.0,Low,No
2011,Dimitrov G.,Golubev A.,105,38.0,BUL,2008,80,191,Right,KAZ,2005.0,79.0,183.0,Right,No,67.0,Medium,Yes
2011,Troicki V.,Tursunov D.,27,197.0,SRB,2006,86,193,Right,RUS,2000.0,82.0,185.0,Right,Yes,-170.0,High,Yes
2011,Wawrinka S.,Gabashvili T.,19,78.0,SUI,2002,81,183,Right,RUS,2001.0,83.0,188.0,Right,Yes,-59.0,Medium,Yes
2011,Robredo T.,Devvarman S.,52,108.0,ESP,1998,75,180,Right,IND,2008.0,73.0,180.0,Right,Yes,-56.0,Medium,Yes
2011,Berdych T.,Crugnola M.,6,237.0,CZE,2002,91,196,Right,,,,,,Yes,-231.0,High,
2011,Almagro N.,Robert S.,14,124.0,ESP,2003,86,183,Right,FRA,2001.0,77.0,185.0,Right,Yes,-110.0,High,Yes
2011,Gasquet R.,Dancevic F.,33,267.0,FRA,2002,75,185,Right,CAN,2003.0,79.0,185.0,Right,Yes,-234.0,High,Yes
2011,Simon G.,Lu Y.H.,34,37.0,FRA,2002,70,183,Right,TPE,2001.0,74.0,180.0,Right,Yes,-3.0,Low,Yes
2011,Paire B.,Cipolla F.,145,248.0,FRA,2007,80,196,Right,ITA,2003.0,74.0,173.0,Right,Yes,-103.0,High,Yes
2011,Tipsarevic J.,Zverev M.,49,80.0,SRB,2002,80,180,Right,GER,2005.0,88.0,191.0,Left,Yes,-31.0,Medium,No
2011,Ljubicic I.,Luczak P.,16,148.0,CRO,1998,92,193,Right,AUS,2000.0,77.0,183.0,Right,Yes,-132.0,High,Yes
2011,Verdasco F.,Schuettler R.,9,83.0,ESP,2001,87,185,Left,GER,1995.0,75.0,180.0,Right,Yes,-74.0,Medium,No
2011,Dodig I.,Karlovic I.,81,73.0,CRO,2004,83,183,Right,CRO,2000.0,104.0,211.0,Right,No,8.0,Low,Yes
2011,Djokovic N.,Granollers M.,3,42.0,SRB,2003,77,188,Right,ESP,2003.0,77.0,191.0,Right,Yes,-39.0,Medium,Yes
2011,Russell M.,Ebden M.,100,185.0,USA,1998,70,173,Right,AUS,2006.0,80.0,188.0,Right,Yes,-85.0,High,Yes
2011,Schwank E.,Mayer L.,86,36.0,ARG,2005,83,183,Right,ARG,2003.0,80.0,191.0,Right,No,50.0,Medium,Yes
2011,Tomic B.,Chardy J.,199,44.0,AUS,2008,91,196,Right,FRA,2005.0,75.0,188.0,Right,No,155.0,High,Yes
2011,Youzhny M.,Ilhan M.,10,87.0,RUS,1999,73,183,Right,TUR,2006.0,80.0,191.0,Right,Yes,-77.0,High,Yes
2011,Garcia-Lopez G.,Berrer M.,32,61.0,ESP,2002,80,185,Right,GER,1999.0,100.0,193.0,Left,Yes,-29.0,Low,No
2011,Lopez F.,Falla A.,31,103.0,ESP,1997,73,185,Left,COL,2000.0,77.0,185.0,Left,Yes,-72.0,Medium,Yes
2011,Kavcic B.,Anderson K.,98,56.0,SLO,2005,78,188,Right,RSA,2007.0,93.0,203.0,Right,No,42.0,Medium,Yes
2011,Bellucci T.,Mello R.,30,77.0,BRA,2005,82,188,Left,BRA,1999.0,73.0,175.0,Left,Yes,-47.0,Medium,Yes
2011,Nadal R.,Daniel M.,1,93.0,ESP,2001,85,185,Left,BRA,1997.0,79.0,180.0,Right,Yes,-92.0,High,No
2011,Hernych J.,Istomin D.,241,41.0,CZE,1998,83,188,Right,UZB,2004.0,88.0,188.0,Right,No,200.0,High,Yes
2011,Cilic M.,Young D.,15,129.0,CRO,2005,89,198,Right,USA,2004.0,79.0,183.0,Left,Yes,-114.0,High,No
2011,Melzer J.,Millot V.,11,160.0,AUT,1999,81,183,Left,FRA,2007.0,75.0,173.0,Left,Yes,-149.0,High,Yes
2011,Dolgopolov O.,Kukushkin M.,46,63.0,UKR,2006,71,180,Right,KAZ,2006.0,72.0,183.0,Right,Yes,-17.0,Low,Yes
2011,Riba P.,Ball C.,71,158.0,ESP,2004,78,183,Right,AUS,2005.0,91.0,198.0,Left,Yes,-87.0,High,No
2011,Ferrer D.,Nieminen J.,7,40.0,ESP,2000,73,175,Right,FIN,2000.0,78.0,185.0,Left,Yes,-33.0,Medium,No
2011,Giraldo S.,Machado R.,59,90.0,COL,2004,75,188,Right,POR,2002.0,70.0,178.0,Right,Yes,-31.0,Medium,Yes
2011,Del Potro J.M.,Sela D.,236,92.0,ARG,2005,97,198,Right,ISR,2002.0,65.0,175.0,Right,No,144.0,High,Yes
2011,Sweeting R.,Gimeno-Traver D.,116,60.0,USA,2007,83,196,Right,ESP,2004.0,80.0,183.0,Right,No,56.0,Medium,Yes
2011,Murray A.,Beck K.,5,101.0,GBR,2005,84,191,Right,SVK,2001.0,74.0,180.0,Right,Yes,-96.0,High,Yes
2011,Marchenko I.,Ramirez-Hidalgo R.,79,76.0,UKR,2006,82,185,Right,ESP,1998.0,74.0,183.0,Right,No,3.0,Low,Yes
2011,Muller G.,Stadler S.,122,288.0,LUX,2001,89,193,Left,,,,,,Yes,-166.0,High,
2011,Isner J.,Serra F.,20,69.0,USA,2007,108,208,Right,FRA,2000.0,78.0,180.0,Right,Yes,-49.0,Medium,Yes
2011,Baghdatis M.,Zemlja G.,22,141.0,CYP,2003,82,178,Right,SLO,2004.0,81.0,183.0,Right,Yes,-119.0,High,Yes
2011,Becker B.,Gulbis E.,55,23.0,GER,2005,72,178,Right,LAT,2004.0,88.0,193.0,Right,No,32.0,Medium,Yes
2011,Stepanek R.,Gremelmayr D.,66,120.0,CZE,1996,76,185,Right,GER,2000.0,73.0,183.0,Left,Yes,-54.0,Medium,No
2011,Soderling R.,Starace P.,4,48.0,SWE,2001,87,193,Right,ITA,2001.0,84.0,188.0,Right,Yes,-44.0,Medium,Yes
2011,Raonic M.,Phau B.,152,85.0,CAN,2008,98,196,Right,GER,1999.0,70.0,175.0,Right,No,67.0,Medium,Yes
2011,Berankis R.,Matosevic M.,95,138.0,LTU,2007,70,175,Right,AUS,2003.0,86.0,193.0,Right,Yes,-43.0,Medium,Yes
2011,Seppi A.,Clement A.,51,113.0,ITA,2002,75,191,Right,FRA,1996.0,74.0,173.0,Right,Yes,-62.0,Medium,Yes
2011,Llodra M.,Chela J.I.,24,39.0,FRA,1999,80,191,Left,ARG,1998.0,75.0,191.0,Right,Yes,-15.0,Low,No
2011,Tsonga J.W.,Petzschner P.,13,57.0,FRA,2004,91,188,Right,GER,2001.0,77.0,185.0,Right,Yes,-44.0,Medium,Yes
2011,Nalbandian D.,Hewitt L.,21,54.0,ARG,2000,79,180,Right,AUS,1998.0,77.0,178.0,Right,Yes,-33.0,Medium,Yes
2011,Nishikori K.,Mayer F.,82,36.0,JPN,2007,75,178,Right,GER,2001.0,82.0,191.0,Right,No,46.0,Medium,Yes
2011,Berdych T.,Kohlschreiber P.,6,35.0,CZE,2002,91,196,Right,GER,2001.0,70.0,178.0,Right,Yes,-29.0,Low,Yes
2011,Robredo T.,Fish M.,52,17.0,ESP,1998,75,180,Right,USA,2000.0,82.0,188.0,Right,No,35.0,Medium,Yes
2011,Stakhovsky S.,Kubot L.,43,72.0,UKR,2003,80,193,Right,POL,2002.0,86.0,191.0,Right,Yes,-29.0,Low,Yes
2011,Roddick A.,Kunitsyn I.,8,99.0,USA,2000,88,188,Right,RUS,1999.0,75.0,180.0,Right,Yes,-91.0,High,Yes
2011,Verdasco F.,Tipsarevic J.,9,49.0,ESP,2001,87,185,Left,SRB,2002.0,80.0,180.0,Right,Yes,-40.0,Medium,No
2011,Ljubicic I.,Paire B.,16,145.0,CRO,1998,92,193,Right,FRA,2007.0,80.0,196.0,Right,Yes,-129.0,High,Yes
2011,Gasquet R.,Mannarino A.,33,74.0,FRA,2002,75,185,Right,FRA,2004.0,70.0,180.0,Left,Yes,-41.0,Medium,No
2011,Haase R.,Monaco J.,62,28.0,NED,2005,71,191,Right,ARG,2002.0,81.0,185.0,Right,No,34.0,Medium,Yes
2011,Almagro N.,Andreev I.,14,75.0,ESP,2003,86,183,Right,RUS,2002.0,80.0,185.0,Right,Yes,-61.0,Medium,Yes
2011,Malisse X.,Montanes A.,45,26.0,BEL,1998,83,185,Right,ESP,1999.0,70.0,175.0,Right,No,19.0,Low,Yes
2011,Troicki V.,Mahut N.,27,132.0,SRB,2006,86,193,Right,FRA,2000.0,80.0,191.0,Right,Yes,-105.0,High,Yes
2011,Wawrinka S.,Dimitrov G.,19,105.0,SUI,2002,81,183,Right,BUL,2008.0,80.0,191.0,Right,Yes,-86.0,High,Yes
2011,Djokovic N.,Dodig I.,3,81.0,SRB,2003,77,188,Right,CRO,2004.0,83.0,183.0,Right,Yes,-78.0,High,Yes
2011,Monfils G.,Gil F.,12,91.0,FRA,2004,80,193,Right,POR,2003.0,78.0,173.0,Right,Yes,-79.0,High,Yes
2011,Federer R.,Simon G.,2,34.0,SUI,1998,85,185,Right,FRA,2002.0,70.0,183.0,Right,Yes,-32.0,Medium,Yes
2011,Dolgopolov O.,Becker B.,46,55.0,UKR,2006,71,180,Right,GER,2005.0,72.0,178.0,Right,Yes,-9.0,Low,Yes
2011,Raonic M.,Llodra M.,152,24.0,CAN,2008,98,196,Right,FRA,1999.0,80.0,191.0,Left,No,128.0,High,No
2011,Nadal R.,Sweeting R.,1,116.0,ESP,2001,85,185,Left,USA,2007.0,83.0,196.0,Right,Yes,-115.0,High,No
2011,Youzhny M.,Kavcic B.,10,98.0,RUS,1999,73,183,Right,SLO,2005.0,78.0,188.0,Right,Yes,-88.0,High,Yes
2011,Tomic B.,Lopez F.,199,31.0,AUS,2008,91,196,Right,ESP,1997.0,73.0,185.0,Left,No,168.0,High,No
2011,Garcia-Lopez G.,Schwank E.,32,86.0,ESP,2002,80,185,Right,ARG,2005.0,83.0,183.0,Right,Yes,-54.0,Medium,Yes
2011,Hernych J.,Bellucci T.,241,30.0,CZE,1998,83,188,Right,BRA,2005.0,82.0,188.0,Left,No,211.0,High,No
2011,Cilic M.,Giraldo S.,15,59.0,CRO,2005,89,198,Right,COL,2004.0,75.0,188.0,Right,Yes,-44.0,Medium,Yes
2011,Tsonga J.W.,Seppi A.,13,51.0,FRA,2004,91,188,Right,ITA,2002.0,75.0,191.0,Right,Yes,-38.0,Medium,Yes
2011,Ferrer D.,Russell M.,7,100.0,ESP,2000,73,175,Right,USA,1998.0,70.0,173.0,Right,Yes,-93.0,High,Yes
2011,Isner J.,Stepanek R.,20,66.0,USA,2007,108,208,Right,CZE,1996.0,76.0,185.0,Right,Yes,-46.0,Medium,Yes
2011,Melzer J.,Riba P.,11,71.0,AUT,1999,81,183,Left,ESP,2004.0,78.0,183.0,Right,Yes,-60.0,Medium,No
2011,Soderling R.,Muller G.,4,122.0,SWE,2001,87,193,Right,LUX,2001.0,89.0,193.0,Left,Yes,-118.0,High,No
2011,Berankis R.,Nalbandian D.,95,21.0,LTU,2007,70,175,Right,ARG,2000.0,79.0,180.0,Right,No,74.0,Medium,Yes
2011,Murray A.,Marchenko I.,5,79.0,GBR,2005,84,191,Right,UKR,2006.0,82.0,185.0,Right,Yes,-74.0,Medium,Yes
2011,Baghdatis M.,Del Potro J.M.,22,236.0,CYP,2003,82,178,Right,ARG,2005.0,97.0,198.0,Right,Yes,-214.0,High,Yes
2011,Almagro N.,Ljubicic I.,14,16.0,ESP,2003,86,183,Right,CRO,1998.0,92.0,193.0,Right,Yes,-2.0,Low,Yes
2011,Djokovic N.,Troicki V.,3,27.0,SRB,2003,77,188,Right,SRB,2006.0,86.0,193.0,Right,Yes,-24.0,Low,Yes
2011,Roddick A.,Haase R.,8,62.0,USA,2000,88,188,Right,NED,2005.0,71.0,191.0,Right,Yes,-54.0,Medium,Yes
2011,Robredo T.,Stakhovsky S.,52,43.0,ESP,1998,75,180,Right,UKR,2003.0,80.0,193.0,Right,No,9.0,Low,Yes
2011,Berdych T.,Gasquet R.,6,33.0,CZE,2002,91,196,Right,FRA,2002.0,75.0,185.0,Right,Yes,-27.0,Low,Yes
2011,Federer R.,Malisse X.,2,45.0,SUI,1998,85,185,Right,BEL,1998.0,83.0,185.0,Right,Yes,-43.0,Medium,Yes
2011,Wawrinka S.,Monfils G.,19,12.0,SUI,2002,81,183,Right,FRA,2004.0,80.0,193.0,Right,No,7.0,Low,Yes
2011,Verdasco F.,Nishikori K.,9,82.0,ESP,2001,87,185,Left,JPN,2007.0,75.0,178.0,Right,Yes,-73.0,Medium,No
2011,Soderling R.,Hernych J.,4,241.0,SWE,2001,87,193,Right,CZE,1998.0,83.0,188.0,Right,Yes,-237.0,High,Yes
2011,Raonic M.,Youzhny M.,152,10.0,CAN,2008,98,196,Right,RUS,1999.0,73.0,183.0,Right,No,142.0,High,Yes
2011,Dolgopolov O.,Tsonga J.W.,46,13.0,UKR,2006,71,180,Right,FRA,2004.0,91.0,188.0,Right,No,33.0,Medium,Yes
2011,Ferrer D.,Berankis R.,7,95.0,ESP,2000,73,175,Right,LTU,2007.0,70.0,175.0,Right,Yes,-88.0,High,Yes
2011,Murray A.,Garcia-Lopez G.,5,32.0,GBR,2005,84,191,Right,ESP,2002.0,80.0,185.0,Right,Yes,-27.0,Low,Yes
2011,Cilic M.,Isner J.,15,20.0,CRO,2005,89,198,Right,USA,2007.0,108.0,208.0,Right,Yes,-5.0,Low,Yes
2011,Melzer J.,Baghdatis M.,11,22.0,AUT,1999,81,183,Left,CYP,2003.0,82.0,178.0,Right,Yes,-11.0,Low,No
2011,Nadal R.,Tomic B.,1,199.0,ESP,2001,85,185,Left,AUS,2008.0,91.0,196.0,Right,Yes,-198.0,High,No
2011,Djokovic N.,Almagro N.,3,14.0,SRB,2003,77,188,Right,ESP,2003.0,86.0,183.0,Right,Yes,-11.0,Low,Yes
2011,Federer R.,Robredo T.,2,52.0,SUI,1998,85,185,Right,ESP,1998.0,75.0,180.0,Right,Yes,-50.0,Medium,Yes
2011,Berdych T.,Verdasco F.,6,9.0,CZE,2002,91,196,Right,ESP,2001.0,87.0,185.0,Left,Yes,-3.0,Low,No
2011,Wawrinka S.,Roddick A.,19,8.0,SUI,2002,81,183,Right,USA,2000.0,88.0,188.0,Right,No,11.0,Low,Yes
2011,Dolgopolov O.,Soderling R.,46,4.0,UKR,2006,71,180,Right,SWE,2001.0,87.0,193.0,Right,No,42.0,Medium,Yes
2011,Murray A.,Melzer J.,5,11.0,GBR,2005,84,191,Right,AUT,1999.0,81.0,183.0,Left,Yes,-6.0,Low,No
2011,Ferrer D.,Raonic M.,7,152.0,ESP,2000,73,175,Right,CAN,2008.0,98.0,196.0,Right,Yes,-145.0,High,Yes
2011,Nadal R.,Cilic M.,1,15.0,ESP,2001,85,185,Left,CRO,2005.0,89.0,198.0,Right,Yes,-14.0,Low,No
2011,Federer R.,Wawrinka S.,2,19.0,SUI,1998,85,185,Right,SUI,2002.0,81.0,183.0,Right,Yes,-17.0,Low,Yes
2011,Djokovic N.,Berdych T.,3,6.0,SRB,2003,77,188,Right,CZE,2002.0,91.0,196.0,Right,Yes,-3.0,Low,Yes
2011,Murray A.,Dolgopolov O.,5,46.0,GBR,2005,84,191,Right,UKR,2006.0,71.0,180.0,Right,Yes,-41.0,Medium,Yes
2011,Ferrer D.,Nadal R.,7,1.0,ESP,2000,73,175,Right,ESP,2001.0,85.0,185.0,Left,No,6.0,Low,No
2011,Djokovic N.,Federer R.,3,2.0,SRB,2003,77,188,Right,SUI,1998.0,85.0,185.0,Right,No,1.0,Low,Yes
2011,Murray A.,Ferrer D.,5,7.0,GBR,2005,84,191,Right,ESP,2000.0,73.0,175.0,Right,Yes,-2.0,Low,Yes
2011,Djokovic N.,Murray A.,3,5.0,SRB,2003,77,188,Right,GBR,2005.0,84.0,191.0,Right,Yes,-2.0,Low,Yes
2010,Gonzalez F.,Rochus O.,11,59.0,CHI,1999,82,183,Right,BEL,1999.0,65.0,168.0,Right,Yes,-48.0,Medium,Yes
2010,Ljubicic I.,Kubler J.,24,86.0,CRO,1998,92,193,Right,AUS,2011.0,74.0,178.0,Right,Yes,-62.0,Medium,Yes
2010,Karlovic I.,Stepanek R.,39,13.0,CRO,2000,104,211,Right,CZE,1996.0,76.0,185.0,Right,No,26.0,Low,Yes
2010,Mayer F.,Petzschner P.,60,81.0,GER,2001,82,191,Right,GER,2001.0,77.0,185.0,Right,Yes,-21.0,Low,Yes
2010,Odesnik W.,Kavcic B.,89,124.0,USA,2004,77,180,Left,SLO,2005.0,78.0,188.0,Right,Yes,-35.0,Medium,No
2010,Roddick A.,De Bakker T.,7,80.0,USA,2000,88,188,Right,NED,2005.0,83.0,193.0,Right,Yes,-73.0,Medium,Yes
2010,Golubev A.,Fish M.,131,54.0,KAZ,2005,79,183,Right,USA,2000.0,82.0,188.0,Right,No,77.0,High,Yes
2010,Murray A.,Anderson K.,4,148.0,GBR,2005,84,191,Right,RSA,2007.0,93.0,203.0,Right,Yes,-144.0,High,Yes
2010,Del Potro J.M.,Russell M.,5,90.0,ARG,2005,97,198,Right,USA,1998.0,70.0,173.0,Right,Yes,-85.0,High,Yes
2010,Tomic B.,Rufin G.,289,173.0,AUS,2008,91,196,Right,FRA,2008.0,82.0,188.0,Right,No,116.0,High,Yes
2010,Nadal R.,Luczak P.,2,70.0,ESP,2001,85,185,Left,AUS,2000.0,77.0,183.0,Right,Yes,-68.0,Medium,No
2010,Verdasco F.,Ball C.,9,129.0,ESP,2001,87,185,Left,AUS,2005.0,91.0,198.0,Left,Yes,-120.0,High,Yes
2010,Korolev E.,Brands D.,53,91.0,KAZ,2005,82,185,Right,GER,2005.0,92.0,196.0,Right,Yes,-38.0,Medium,Yes
2010,Berdych T.,Haase R.,21,390.0,CZE,2002,91,196,Right,NED,2005.0,71.0,191.0,Right,Yes,-369.0,High,Yes
2010,Sorensen L.,Lu Y.H.,284,101.0,IRL,2003,78,175,Right,TPE,2001.0,74.0,180.0,Right,No,183.0,High,Yes
2010,Isner J.,Seppi A.,28,49.0,USA,2007,108,208,Right,ITA,2002.0,75.0,191.0,Right,Yes,-21.0,Low,Yes
2010,Sergeyev I.,Sela D.,209,41.0,UKR,2003,78,175,Right,ISR,2002.0,65.0,175.0,Right,No,168.0,High,Yes
2010,Monfils G.,Ebden M.,12,251.0,FRA,2004,80,193,Right,AUS,2006.0,80.0,188.0,Right,Yes,-239.0,High,Yes
2010,Lopez F.,Cuevas P.,46,48.0,ESP,1997,73,185,Left,URU,2004.0,80.0,180.0,Right,Yes,-2.0,Low,No
2010,Nieminen J.,Lindahl N.,132,235.0,FIN,2000,78,185,Left,,,,,,Yes,-103.0,High,
2010,Cilic M.,Santoro F.,14,67.0,CRO,2005,89,198,Right,FRA,1989.0,74.0,178.0,Right,Yes,-53.0,Medium,Yes
2010,Schuettler R.,Querrey S.,107,29.0,GER,1995,75,180,Right,USA,2006.0,95.0,198.0,Right,No,78.0,High,Yes
2010,Wawrinka S.,Garcia-Lopez G.,19,44.0,SUI,2002,81,183,Right,ESP,2002.0,80.0,185.0,Right,Yes,-25.0,Low,Yes
2010,Kunitsyn I.,Acasuso J.,100,51.0,RUS,1999,75,180,Right,ARG,1999.0,86.0,191.0,Right,No,49.0,Medium,Yes
2010,Davydenko N.,Kindlmann D.,6,175.0,RUS,1999,70,178,Right,,,,,,Yes,-169.0,High,
2010,Ilhan M.,Grosjean S.,154,564.0,TUR,2006,80,191,Right,FRA,1996.0,73.0,175.0,Right,Yes,-410.0,High,Yes
2010,Benneteau J.,Guez D.,43,133.0,FRA,2000,79,185,Right,FRA,1997.0,75.0,185.0,Right,Yes,-90.0,High,Yes
2010,Lacko L.,Mayer L.,75,69.0,SVK,2005,85,185,Right,ARG,2003.0,80.0,191.0,Right,No,6.0,Low,Yes
2010,Serra F.,Melzer J.,64,27.0,FRA,2000,78,180,Right,AUT,1999.0,81.0,183.0,Left,No,37.0,Medium,No
2010,Bellucci T.,Gabashvili T.,35,102.0,BRA,2005,82,188,Left,RUS,2001.0,83.0,188.0,Right,Yes,-67.0,Medium,No
2010,Blake J.,Clement A.,45,55.0,USA,1999,83,185,Right,FRA,1996.0,74.0,173.0,Right,Yes,-10.0,Low,Yes
2010,Granollers M.,Soderling R.,113,8.0,ESP,2003,77,191,Right,SWE,2001.0,87.0,193.0,Right,No,105.0,High,Yes
2010,Kohlschreiber P.,Zeballos H.,26,50.0,GER,2001,70,178,Right,ARG,2003.0,83.0,188.0,Left,Yes,-24.0,Low,No
2010,Gicquel M.,Bolelli S.,57,98.0,FRA,1999,75,188,Right,ITA,2003.0,83.0,183.0,Right,Yes,-41.0,Medium,Yes
2010,Federer R.,Andreev I.,1,37.0,SUI,1998,85,185,Right,RUS,2002.0,80.0,185.0,Right,Yes,-36.0,Medium,Yes
2010,Kubot L.,Zverev M.,86,78.0,POL,2002,86,191,Right,GER,2005.0,88.0,191.0,Left,No,8.0,Low,No
2010,Troicki V.,Lapentti N.,30,94.0,SRB,2006,86,193,Right,ECU,1995.0,86.0,188.0,Right,Yes,-64.0,Medium,Yes
2010,Giraldo S.,Robredo T.,114,16.0,COL,2004,75,188,Right,ESP,1998.0,75.0,180.0,Right,No,98.0,High,Yes
2010,Koubek S.,Ram R.,134,84.0,AUT,1994,68,175,Left,USA,2004.0,82.0,193.0,Right,No,50.0,Medium,No
2010,Veic A.,Koellerer D.,224,73.0,CRO,2006,74,180,Right,AUT,2002.0,80.0,180.0,Right,No,151.0,High,Yes
2010,Monaco J.,Gulbis E.,33,82.0,ARG,2002,81,185,Right,LAT,2004.0,88.0,193.0,Right,Yes,-49.0,Medium,Yes
2010,Marchenko I.,Moya C.,119,509.0,UKR,2006,82,185,Right,ESP,1995.0,86.0,191.0,Right,Yes,-390.0,High,Yes
2010,Haas T.,Greul S.,17,61.0,GER,1996,84,188,Right,GER,2000.0,80.0,185.0,Right,Yes,-44.0,Medium,Yes
2010,Tsonga J.W.,Stakhovsky S.,10,62.0,FRA,2004,91,188,Right,UKR,2003.0,80.0,193.0,Right,Yes,-52.0,Medium,Yes
2010,Baghdatis M.,Lorenzi P.,31,83.0,CYP,2003,82,178,Right,ITA,2003.0,77.0,183.0,Right,Yes,-52.0,Medium,Yes
2010,Ferrer D.,Gil F.,18,68.0,ESP,2000,73,175,Right,POR,2003.0,78.0,173.0,Right,Yes,-50.0,Medium,Yes
2010,Tipsarevic J.,Harrison R.,36,341.0,SRB,2002,80,180,Right,USA,2007.0,84.0,185.0,Right,Yes,-305.0,High,Yes
2010,Dodig I.,Ferrero J.C.,185,23.0,CRO,2004,83,183,Right,ESP,1998.0,73.0,183.0,Right,No,162.0,High,Yes
2010,Llodra M.,Vassallo-Arguello M.,72,96.0,FRA,1999,80,191,Left,ARG,1999.0,80.0,183.0,Right,Yes,-24.0,Low,No
2010,Falla A.,Daniel M.,77,88.0,COL,2000,77,185,Left,BRA,1997.0,79.0,180.0,Right,Yes,-11.0,Low,No
2010,Dent T.,Fognini F.,79,56.0,USA,1998,88,188,Right,ITA,2004.0,74.0,178.0,Right,No,23.0,Low,Yes
2010,Hajek J.,Ginepri R.,92,99.0,CZE,2000,80,180,Right,USA,2001.0,79.0,183.0,Right,Yes,-7.0,Low,Yes
2010,Hanescu V.,Chela J.I.,47,76.0,ROU,2000,88,198,Right,ARG,1998.0,75.0,191.0,Right,Yes,-29.0,Low,Yes
2010,Montanes A.,Hernandez O.,32,71.0,ESP,1999,70,175,Right,ESP,1998.0,70.0,180.0,Right,Yes,-39.0,Medium,Yes
2010,Becker B.,Zemlja G.,38,169.0,GER,2005,72,178,Right,SLO,2004.0,81.0,183.0,Right,Yes,-131.0,High,Yes
2010,Youzhny M.,Gasquet R.,20,52.0,RUS,1999,73,183,Right,FRA,2002.0,75.0,185.0,Right,Yes,-32.0,Medium,Yes
2010,Hewitt L.,Hocevar R.,22,194.0,AUS,1998,77,178,Right,BRA,2004.0,80.0,180.0,Right,Yes,-172.0,High,Yes
2010,Chiudinelli M.,Matosevic M.,58,180.0,SUI,2000,85,185,Right,AUS,2003.0,86.0,193.0,Right,Yes,-122.0,High,Yes
2010,Robert S.,Starace P.,104,63.0,FRA,2001,77,185,Right,ITA,2001.0,84.0,188.0,Right,No,41.0,Medium,Yes
2010,Young D.,Rochus C.,195,85.0,USA,2004,79,183,Left,BEL,1996.0,68.0,170.0,Right,No,110.0,High,No
2010,Djokovic N.,Gimeno-Traver D.,3,74.0,SRB,2003,77,188,Right,ESP,2004.0,80.0,183.0,Right,Yes,-71.0,Medium,Yes
2010,Berrer M.,Vliegen K.,66,112.0,GER,1999,100,193,Left,BEL,2001.0,75.0,193.0,Right,Yes,-46.0,Medium,No
2010,Istomin D.,Chardy J.,103,34.0,UZB,2004,88,188,Right,FRA,2005.0,75.0,188.0,Right,No,69.0,Medium,Yes
2010,Almagro N.,Malisse X.,25,93.0,ESP,2003,86,183,Right,BEL,1998.0,83.0,185.0,Right,Yes,-68.0,Medium,Yes
2010,Gonzalez F.,Ilhan M.,11,154.0,CHI,1999,82,183,Right,TUR,2006.0,80.0,191.0,Right,Yes,-143.0,High,Yes
2010,Roddick A.,Bellucci T.,7,35.0,USA,2000,88,188,Right,BRA,2005.0,82.0,188.0,Left,Yes,-28.0,Low,No
2010,Korolev E.,Berdych T.,53,21.0,KAZ,2005,82,185,Right,CZE,2002.0,91.0,196.0,Right,No,32.0,Medium,Yes
2010,Lopez F.,Schuettler R.,46,107.0,ESP,1997,73,185,Left,GER,1995.0,75.0,180.0,Right,Yes,-61.0,Medium,No
2010,Kohlschreiber P.,Odesnik W.,26,89.0,GER,2001,70,178,Right,USA,2004.0,77.0,180.0,Left,Yes,-63.0,Medium,No
2010,Nadal R.,Lacko L.,2,75.0,ESP,2001,85,185,Left,SVK,2005.0,85.0,185.0,Right,Yes,-73.0,Medium,No
2010,Isner J.,Sorensen L.,28,284.0,USA,2007,108,208,Right,IRL,2003.0,78.0,175.0,Right,Yes,-256.0,High,Yes
2010,Ljubicic I.,Golubev A.,24,131.0,CRO,1998,92,193,Right,KAZ,2005.0,79.0,183.0,Right,Yes,-107.0,High,Yes
2010,Wawrinka S.,Kunitsyn I.,19,100.0,SUI,2002,81,183,Right,RUS,1999.0,75.0,180.0,Right,Yes,-81.0,High,Yes
2010,Monfils G.,Veic A.,12,224.0,FRA,2004,80,193,Right,CRO,2006.0,74.0,180.0,Right,Yes,-212.0,High,Yes
2010,Mayer F.,Troicki V.,60,30.0,GER,2001,82,191,Right,SRB,2006.0,86.0,193.0,Right,No,30.0,Low,Yes
2010,Serra F.,Nieminen J.,64,132.0,FRA,2000,78,180,Right,FIN,2000.0,78.0,185.0,Left,Yes,-68.0,Medium,No
2010,Del Potro J.M.,Blake J.,5,45.0,ARG,2005,97,198,Right,USA,1999.0,83.0,185.0,Right,Yes,-40.0,Medium,Yes
2010,Karlovic I.,Benneteau J.,39,43.0,CRO,2000,104,211,Right,FRA,2000.0,79.0,185.0,Right,Yes,-4.0,Low,Yes
2010,Murray A.,Gicquel M.,4,57.0,GBR,2005,84,191,Right,FRA,1999.0,75.0,188.0,Right,Yes,-53.0,Medium,Yes
2010,Cilic M.,Tomic B.,14,289.0,CRO,2005,89,198,Right,AUS,2008.0,91.0,196.0,Right,Yes,-275.0,High,Yes
2010,Davydenko N.,Marchenko I.,6,119.0,RUS,1999,70,178,Right,UKR,2006.0,82.0,185.0,Right,Yes,-113.0,High,Yes
2010,Almagro N.,Becker B.,25,38.0,ESP,2003,86,183,Right,GER,2005.0,72.0,178.0,Right,Yes,-13.0,Low,Yes
2010,Istomin D.,Berrer M.,103,66.0,UZB,2004,88,188,Right,GER,1999.0,100.0,193.0,Left,No,37.0,Medium,No
2010,Baghdatis M.,Ferrer D.,31,18.0,CYP,2003,82,178,Right,ESP,2000.0,73.0,175.0,Right,No,13.0,Low,Yes
2010,Djokovic N.,Chiudinelli M.,3,58.0,SRB,2003,77,188,Right,SUI,2000.0,85.0,185.0,Right,Yes,-55.0,Medium,Yes
2010,Monaco J.,Llodra M.,33,72.0,ARG,2002,81,185,Right,FRA,1999.0,80.0,191.0,Left,Yes,-39.0,Medium,No
2010,Falla A.,Granollers M.,77,113.0,COL,2000,77,185,Left,ESP,2003.0,77.0,191.0,Right,Yes,-36.0,Medium,No
2010,Youzhny M.,Hajek J.,20,92.0,RUS,1999,73,183,Right,CZE,2000.0,80.0,180.0,Right,Yes,-72.0,Medium,Yes
2010,Kubot L.,Giraldo S.,86,114.0,POL,2002,86,191,Right,COL,2004.0,75.0,188.0,Right,Yes,-28.0,Low,Yes
2010,Haas T.,Tipsarevic J.,17,36.0,GER,1996,84,188,Right,SRB,2002.0,80.0,180.0,Right,Yes,-19.0,Low,Yes
2010,Koubek S.,Dodig I.,134,185.0,AUT,1994,68,175,Left,CRO,2004.0,83.0,183.0,Right,Yes,-51.0,Medium,No
2010,Hewitt L.,Young D.,22,195.0,AUS,1998,77,178,Right,USA,2004.0,79.0,183.0,Left,Yes,-173.0,High,No
2010,Montanes A.,Robert S.,32,104.0,ESP,1999,70,175,Right,FRA,2001.0,77.0,185.0,Right,Yes,-72.0,Medium,Yes
2010,Tsonga J.W.,Dent T.,10,79.0,FRA,2004,91,188,Right,USA,1998.0,88.0,188.0,Right,Yes,-69.0,Medium,Yes
2010,Federer R.,Hanescu V.,1,47.0,SUI,1998,85,185,Right,ROU,2000.0,88.0,198.0,Right,Yes,-46.0,Medium,Yes
2010,Verdasco F.,Sergeyev I.,9,209.0,ESP,2001,87,185,Left,UKR,2003.0,78.0,175.0,Right,Yes,-200.0,High,No
2010,Roddick A.,Lopez F.,7,46.0,USA,2000,88,188,Right,ESP,1997.0,73.0,185.0,Left,Yes,-39.0,Medium,No
2010,Gonzalez F.,Korolev E.,11,53.0,CHI,1999,82,183,Right,KAZ,2005.0,82.0,185.0,Right,Yes,-42.0,Medium,Yes
2010,Murray A.,Serra F.,4,64.0,GBR,2005,84,191,Right,FRA,2000.0,78.0,180.0,Right,Yes,-60.0,Medium,Yes
2010,Isner J.,Monfils G.,28,12.0,USA,2007,108,208,Right,FRA,2004.0,80.0,193.0,Right,No,16.0,Low,Yes
2010,Del Potro J.M.,Mayer F.,5,60.0,ARG,2005,97,198,Right,GER,2001.0,82.0,191.0,Right,Yes,-55.0,Medium,Yes
2010,Cilic M.,Wawrinka S.,14,19.0,CRO,2005,89,198,Right,SUI,2002.0,81.0,183.0,Right,Yes,-5.0,Low,Yes
2010,Nadal R.,Kohlschreiber P.,2,26.0,ESP,2001,85,185,Left,GER,2001.0,70.0,178.0,Right,Yes,-24.0,Low,No
2010,Karlovic I.,Ljubicic I.,39,24.0,CRO,2000,104,211,Right,CRO,1998.0,92.0,193.0,Right,No,15.0,Low,Yes
2010,Kubot L.,Youzhny M.,86,20.0,POL,2002,86,191,Right,RUS,1999.0,73.0,183.0,Right,No,66.0,Medium,Yes
2010,Federer R.,Montanes A.,1,32.0,SUI,1998,85,185,Right,ESP,1999.0,70.0,175.0,Right,Yes,-31.0,Medium,Yes
2010,Davydenko N.,Monaco J.,6,33.0,RUS,1999,70,178,Right,ARG,2002.0,81.0,185.0,Right,Yes,-27.0,Low,Yes
2010,Djokovic N.,Istomin D.,3,103.0,SRB,2003,77,188,Right,UZB,2004.0,88.0,188.0,Right,Yes,-100.0,High,Yes
2010,Verdasco F.,Koubek S.,9,134.0,ESP,2001,87,185,Left,AUT,1994.0,68.0,175.0,Left,Yes,-125.0,High,Yes
2010,Almagro N.,Falla A.,25,77.0,ESP,2003,86,183,Right,COL,2000.0,77.0,185.0,Left,Yes,-52.0,Medium,No
2010,Tsonga J.W.,Haas T.,10,17.0,FRA,2004,91,188,Right,GER,1996.0,84.0,188.0,Right,Yes,-7.0,Low,Yes
2010,Hewitt L.,Baghdatis M.,22,31.0,AUS,1998,77,178,Right,CYP,2003.0,82.0,178.0,Right,Yes,-9.0,Low,Yes
2010,Murray A.,Isner J.,4,28.0,GBR,2005,84,191,Right,USA,2007.0,108.0,208.0,Right,Yes,-24.0,Low,Yes
2010,Nadal R.,Karlovic I.,2,39.0,ESP,2001,85,185,Left,CRO,2000.0,104.0,211.0,Right,Yes,-37.0,Medium,No
2010,Cilic M.,Del Potro J.M.,14,5.0,CRO,2005,89,198,Right,ARG,2005.0,97.0,198.0,Right,No,9.0,Low,Yes
2010,Roddick A.,Gonzalez F.,7,11.0,USA,2000,88,188,Right,CHI,1999.0,82.0,183.0,Right,Yes,-4.0,Low,Yes
2010,Davydenko N.,Verdasco F.,6,9.0,RUS,1999,70,178,Right,ESP,2001.0,87.0,185.0,Left,Yes,-3.0,Low,No
2010,Djokovic N.,Kubot L.,3,86.0,SRB,2003,77,188,Right,POL,2002.0,86.0,191.0,Right,Yes,-83.0,High,Yes
2010,Tsonga J.W.,Almagro N.,10,25.0,FRA,2004,91,188,Right,ESP,2003.0,86.0,183.0,Right,Yes,-15.0,Low,Yes
2010,Federer R.,Hewitt L.,1,22.0,SUI,1998,85,185,Right,AUS,1998.0,77.0,178.0,Right,Yes,-21.0,Low,Yes
2010,Cilic M.,Roddick A.,14,7.0,CRO,2005,89,198,Right,USA,2000.0,88.0,188.0,Right,No,7.0,Low,Yes
2010,Murray A.,Nadal R.,4,2.0,GBR,2005,84,191,Right,ESP,2001.0,85.0,185.0,Left,No,2.0,Low,No
2010,Federer R.,Davydenko N.,1,6.0,SUI,1998,85,185,Right,RUS,1999.0,70.0,178.0,Right,Yes,-5.0,Low,Yes
2010,Tsonga J.W.,Djokovic N.,10,3.0,FRA,2004,91,188,Right,SRB,2003.0,77.0,188.0,Right,No,7.0,Low,Yes
2010,Murray A.,Cilic M.,4,14.0,GBR,2005,84,191,Right,CRO,2005.0,89.0,198.0,Right,Yes,-10.0,Low,Yes
2010,Federer R.,Tsonga J.W.,1,10.0,SUI,1998,85,185,Right,FRA,2004.0,91.0,188.0,Right,Yes,-9.0,Low,Yes
2010,Federer R.,Murray A.,1,4.0,SUI,1998,85,185,Right,GBR,2005.0,84.0,191.0,Right,Yes,-3.0,Low,Yes
2009,Ferrer D.,Gremelmayr D.,12,80.0,ESP,2000,73,175,Right,GER,2000.0,73.0,183.0,Left,Yes,-68.0,Medium,No
2009,Berdych T.,Ginepri R.,21,47.0,CZE,2002,91,196,Right,USA,2001.0,79.0,183.0,Right,Yes,-26.0,Low,Yes
2009,Mayer F.,Ouahab L.,450,193.0,GER,2001,82,191,Right,MAR,2012.0,83.0,185.0,Right,No,257.0,High,Yes
2009,Hrbaty D.,Isner J.,251,139.0,SVK,1996,79,183,Right,USA,2007.0,108.0,208.0,Right,No,112.0,High,Yes
2009,Soderling R.,Kendrick R.,17,96.0,SWE,2001,87,193,Right,USA,2000.0,86.0,191.0,Right,Yes,-79.0,High,Yes
2009,Dabul B.,Petzschner P.,100,63.0,ARG,2001,70,170,Left,GER,2001.0,77.0,185.0,Right,No,37.0,Medium,No
2009,Roddick A.,Rehnquist B.,9,191.0,USA,2000,88,188,Right,,,,,,Yes,-182.0,High,
2009,Malisse X.,Llodra M.,195,56.0,BEL,1998,83,185,Right,FRA,1999.0,80.0,191.0,Left,No,139.0,High,No
2009,Muller G.,Lopez F.,87,28.0,LUX,2001,89,193,Left,ESP,1997.0,73.0,185.0,Left,No,59.0,Medium,Yes
2009,Tomic B.,Starace P.,768,73.0,AUS,2008,91,196,Right,ITA,2001.0,84.0,188.0,Right,No,695.0,High,Yes
2009,Robredo T.,Reynolds B.,22,69.0,ESP,1998,75,180,Right,USA,2003.0,77.0,183.0,Right,Yes,-47.0,Medium,Yes
2009,Baghdatis M.,Benneteau J.,97,48.0,CYP,2003,82,178,Right,FRA,2000.0,79.0,185.0,Right,No,49.0,Medium,Yes
2009,Wawrinka S.,Minar I.,16,102.0,SUI,2002,81,183,Right,CZE,2002.0,85.0,183.0,Right,Yes,-86.0,High,Yes
2009,Del Potro J.M.,Zverev M.,6,81.0,ARG,2005,97,198,Right,GER,2005.0,88.0,191.0,Left,Yes,-75.0,Medium,No
2009,Troicki V.,Martin A.,53,99.0,SRB,2006,86,193,Right,ESP,1995.0,73.0,175.0,Right,Yes,-46.0,Medium,Yes
2009,Klein B.,Phau B.,249,110.0,GBR,2007,83,188,Right,GER,1999.0,70.0,175.0,Right,No,139.0,High,Yes
2009,Chardy J.,Daniel M.,68,101.0,FRA,2005,75,188,Right,BRA,1997.0,79.0,180.0,Right,Yes,-33.0,Medium,Yes
2009,Djokovic N.,Stoppini A.,3,220.0,SRB,2003,77,188,Right,,,,,,Yes,-217.0,High,
2009,Fish M.,Groth S.,24,279.0,USA,2000,82,188,Right,AUS,2006.0,100.0,193.0,Right,Yes,-255.0,High,Yes
2009,Delic A.,Dent T.,127,728.0,BIH,2003,93,196,Right,USA,1998.0,88.0,188.0,Right,Yes,-601.0,High,Yes
2009,Garcia-Lopez G.,Calleri A.,62,66.0,ESP,2002,80,185,Right,ARG,1995.0,86.0,183.0,Right,Yes,-4.0,Low,Yes
2009,Korolev E.,Moya C.,118,41.0,KAZ,2005,82,185,Right,ESP,1995.0,86.0,191.0,Right,No,77.0,High,Yes
2009,Cilic M.,Anderson K.,20,108.0,CRO,2005,89,198,Right,RSA,2007.0,93.0,203.0,Right,Yes,-88.0,High,Yes
2009,Lu Y.H.,Bellucci T.,61,90.0,TPE,2001,74,180,Right,BRA,2005.0,82.0,188.0,Left,Yes,-29.0,Low,No
2009,Bolelli S.,Vliegen K.,39,85.0,ITA,2003,83,183,Right,BEL,2001.0,75.0,193.0,Right,Yes,-46.0,Medium,Yes
2009,Safin M.,Navarro-Pastor I.,27,74.0,RUS,1997,88,193,Right,ESP,2000.0,75.0,182.0,Right,Yes,-47.0,Medium,Yes
2009,Mathieu P.H.,Nieminen J.,29,38.0,FRA,1999,74,185,Right,FIN,2000.0,78.0,185.0,Left,Yes,-9.0,Low,No
2009,Tipsarevic J.,Hernandez O.,46,67.0,SRB,2002,80,180,Right,ESP,1998.0,70.0,180.0,Right,Yes,-21.0,Low,Yes
2009,Kohlschreiber P.,Querrey S.,34,33.0,GER,2001,70,178,Right,USA,2006.0,95.0,198.0,Right,No,1.0,Low,Yes
2009,Santoro F.,Ferrero J.C.,60,65.0,FRA,1989,74,178,Right,ESP,1998.0,73.0,183.0,Right,Yes,-5.0,Low,Yes
2009,Nalbandian D.,Gicquel M.,11,50.0,ARG,2000,79,180,Right,FRA,1999.0,75.0,188.0,Right,Yes,-39.0,Medium,Yes
2009,Federer R.,Seppi A.,2,35.0,SUI,1998,85,185,Right,ITA,2002.0,75.0,191.0,Right,Yes,-33.0,Medium,Yes
2009,Gasquet R.,Junqueira D.,25,76.0,FRA,2002,75,185,Right,ARG,2001.0,72.0,178.0,Left,Yes,-51.0,Medium,No
2009,Hanescu V.,Hernych J.,44,78.0,ROU,2000,88,198,Right,CZE,1998.0,83.0,188.0,Right,Yes,-34.0,Medium,Yes
2009,Murray A.,Pavel A.,4,1141.0,GBR,2005,84,191,Right,,,,,,Yes,-1137.0,High,
2009,Melzer J.,Nishikori K.,32,59.0,AUT,1999,81,183,Left,JPN,2007.0,75.0,178.0,Right,Yes,-27.0,Low,No
2009,Almagro N.,Massu N.,18,84.0,ESP,2003,86,183,Right,CHI,1997.0,80.0,183.0,Right,Yes,-66.0,Medium,Yes
2009,Fognini F.,Golubev A.,88,93.0,ITA,2004,74,178,Right,KAZ,2005.0,79.0,183.0,Right,Yes,-5.0,Low,Yes
2009,Granollers M.,Gabashvili T.,51,64.0,ESP,2003,77,191,Right,RUS,2001.0,83.0,188.0,Right,Yes,-13.0,Low,Yes
2009,Ancic M.,Odesnik W.,36,115.0,CRO,2001,82,196,Right,USA,2004.0,77.0,180.0,Left,Yes,-79.0,High,No
2009,Istomin D.,Spadea V.,105,82.0,UZB,2004,88,188,Right,USA,1993.0,77.0,183.0,Right,No,23.0,Low,Yes
2009,Karlovic I.,Gimeno-Traver D.,26,91.0,CRO,2000,104,211,Right,ESP,2004.0,80.0,183.0,Right,Yes,-65.0,Medium,Yes
2009,Beck A.,Ebelthite C.,103,254.0,GER,2003,89,191,Left,,,,,,Yes,-151.0,High,
2009,Sela D.,Schuettler R.,106,31.0,ISR,2002,65,175,Right,GER,1995.0,75.0,180.0,Right,No,75.0,Medium,Yes
2009,Simon G.,Andujar P.,8,98.0,FRA,2002,70,183,Right,ESP,2003.0,76.0,180.0,Right,Yes,-90.0,High,Yes
2009,Guccione C.,Devilder N.,132,72.0,AUS,2003,92,201,Left,FRA,2000.0,65.0,173.0,Left,No,60.0,Medium,Yes
2009,Gonzalez F.,Hewitt L.,14,70.0,CHI,1999,82,183,Right,AUS,1998.0,77.0,178.0,Right,Yes,-56.0,Medium,Yes
2009,Gulbis E.,Montanes A.,52,42.0,LAT,2004,88,193,Right,ESP,1999.0,70.0,175.0,Right,No,10.0,Low,Yes
2009,Andreev I.,Polansky P.,19,210.0,RUS,2002,80,185,Right,CAN,2006.0,79.0,183.0,Right,Yes,-191.0,High,Yes
2009,Monfils G.,Vassallo-Arguello M.,13,71.0,FRA,2004,80,193,Right,ARG,1999.0,80.0,183.0,Right,Yes,-58.0,Medium,Yes
2009,Koubek S.,Youzhny M.,183,40.0,AUT,1994,68,175,Left,RUS,1999.0,73.0,183.0,Right,No,143.0,High,No
2009,De Chaunac S.,Darcis S.,253,57.0,FRA,1998,74,183,Right,BEL,2003.0,77.0,178.0,Right,No,196.0,High,Yes
2009,Ljubicic I.,Kunitsyn I.,55,43.0,CRO,1998,92,193,Right,RUS,1999.0,75.0,180.0,Right,No,12.0,Low,Yes
2009,Canas G.,Kindlmann D.,77,229.0,ARG,1995,86,185,Right,,,,,,Yes,-152.0,High,
2009,Verdasco F.,Mannarino A.,15,129.0,ESP,2001,87,185,Left,FRA,2004.0,70.0,180.0,Left,Yes,-114.0,High,Yes
2009,Clement A.,Stakhovsky S.,89,83.0,FRA,1996,74,173,Right,UKR,2003.0,80.0,193.0,Right,No,6.0,Low,Yes
2009,Tsonga J.W.,Monaco J.,7,49.0,FRA,2004,91,188,Right,ARG,2002.0,81.0,185.0,Right,Yes,-42.0,Medium,Yes
2009,Berrer M.,Ball C.,134,203.0,GER,1999,100,193,Left,AUS,2005.0,91.0,198.0,Left,Yes,-69.0,Medium,Yes
2009,Cipolla F.,Tursunov D.,138,30.0,ITA,2003,74,173,Right,RUS,2000.0,82.0,185.0,Right,No,108.0,High,Yes
2009,Haas T.,Schwank E.,79,54.0,GER,1996,84,188,Right,ARG,2005.0,83.0,183.0,Right,No,25.0,Low,Yes
2009,Stepanek R.,Lapentti N.,23,86.0,CZE,1996,76,185,Right,ECU,1995.0,86.0,188.0,Right,Yes,-63.0,Medium,Yes
2009,Karanusic R.,Serra F.,92,58.0,CRO,2000,75,183,Right,FRA,2000.0,78.0,180.0,Right,No,34.0,Medium,Yes
2009,Blake J.,Dancevic F.,10,131.0,USA,1999,83,185,Right,CAN,2003.0,79.0,185.0,Right,Yes,-121.0,High,Yes
2009,Nadal R.,Rochus C.,1,75.0,ESP,2001,85,185,Left,BEL,1996.0,68.0,170.0,Right,Yes,-74.0,Medium,No
2009,Cilic M.,Tipsarevic J.,20,46.0,CRO,2005,89,198,Right,SRB,2002.0,80.0,180.0,Right,Yes,-26.0,Low,Yes
2009,Ferrer D.,Hrbaty D.,12,251.0,ESP,2000,73,175,Right,SVK,1996.0,79.0,183.0,Right,Yes,-239.0,High,Yes
2009,Safin M.,Garcia-Lopez G.,27,62.0,RUS,1997,88,193,Right,ESP,2002.0,80.0,185.0,Right,Yes,-35.0,Medium,Yes
2009,Delic A.,Mathieu P.H.,127,29.0,BIH,2003,93,196,Right,FRA,1999.0,74.0,185.0,Right,No,98.0,High,Yes
2009,Djokovic N.,Chardy J.,3,68.0,SRB,2003,77,188,Right,FRA,2005.0,75.0,188.0,Right,Yes,-65.0,Medium,Yes
2009,Robredo T.,Troicki V.,22,53.0,ESP,1998,75,180,Right,SRB,2006.0,86.0,193.0,Right,Yes,-31.0,Medium,Yes
2009,Berdych T.,Dabul B.,21,100.0,CZE,2002,91,196,Right,ARG,2001.0,70.0,170.0,Left,Yes,-79.0,High,No
2009,Wawrinka S.,Klein B.,16,249.0,SUI,2002,81,183,Right,GBR,2007.0,83.0,188.0,Right,Yes,-233.0,High,Yes
2009,Federer R.,Korolev E.,2,118.0,SUI,1998,85,185,Right,KAZ,2005.0,82.0,185.0,Right,Yes,-116.0,High,Yes
2009,Lu Y.H.,Nalbandian D.,61,11.0,TPE,2001,74,180,Right,ARG,2000.0,79.0,180.0,Right,No,50.0,Medium,Yes
2009,Fish M.,Bolelli S.,24,39.0,USA,2000,82,188,Right,ITA,2003.0,83.0,183.0,Right,Yes,-15.0,Low,Yes
2009,Baghdatis M.,Soderling R.,97,17.0,CYP,2003,82,178,Right,SWE,2001.0,87.0,193.0,Right,No,80.0,High,Yes
2009,Santoro F.,Kohlschreiber P.,60,34.0,FRA,1989,74,178,Right,GER,2001.0,70.0,178.0,Right,No,26.0,Low,Yes
2009,Del Potro J.M.,Mayer F.,6,450.0,ARG,2005,97,198,Right,GER,2001.0,82.0,191.0,Right,Yes,-444.0,High,Yes
2009,Roddick A.,Malisse X.,9,195.0,USA,2000,88,188,Right,BEL,1998.0,83.0,185.0,Right,Yes,-186.0,High,Yes
2009,Muller G.,Tomic B.,87,768.0,LUX,2001,89,193,Left,AUS,2008.0,91.0,196.0,Right,Yes,-681.0,High,No
2009,Gonzalez F.,Canas G.,14,77.0,CHI,1999,82,183,Right,ARG,1995.0,86.0,185.0,Right,Yes,-63.0,Medium,Yes
2009,Melzer J.,Beck A.,32,103.0,AUT,1999,81,183,Left,GER,2003.0,89.0,191.0,Left,Yes,-71.0,Medium,Yes
2009,Simon G.,Guccione C.,8,132.0,FRA,2002,70,183,Right,AUS,2003.0,92.0,201.0,Left,Yes,-124.0,High,No
2009,Sela D.,Hanescu V.,106,44.0,ISR,2002,65,175,Right,ROU,2000.0,88.0,198.0,Right,No,62.0,Medium,Yes
2009,Gasquet R.,Istomin D.,25,105.0,FRA,2002,75,185,Right,UZB,2004.0,88.0,188.0,Right,Yes,-80.0,High,Yes
2009,Almagro N.,Fognini F.,18,88.0,ESP,2003,86,183,Right,ITA,2004.0,74.0,178.0,Right,Yes,-70.0,Medium,Yes
2009,Haas T.,Cipolla F.,79,138.0,GER,1996,84,188,Right,ITA,2003.0,74.0,173.0,Right,Yes,-59.0,Medium,Yes
2009,Ancic M.,Karlovic I.,36,26.0,CRO,2001,82,196,Right,CRO,2000.0,104.0,211.0,Right,No,10.0,Low,Yes
2009,Stepanek R.,Berrer M.,23,134.0,CZE,1996,76,185,Right,GER,1999.0,100.0,193.0,Left,Yes,-111.0,High,No
2009,Nadal R.,Karanusic R.,1,92.0,ESP,2001,85,185,Left,CRO,2000.0,75.0,183.0,Right,Yes,-91.0,High,No
2009,Verdasco F.,Clement A.,15,89.0,ESP,2001,87,185,Left,FRA,1996.0,74.0,173.0,Right,Yes,-74.0,Medium,No
2009,Monfils G.,Koubek S.,13,183.0,FRA,2004,80,193,Right,AUT,1994.0,68.0,175.0,Left,Yes,-170.0,High,No
2009,Tsonga J.W.,Ljubicic I.,7,55.0,FRA,2004,91,188,Right,CRO,1998.0,92.0,193.0,Right,Yes,-48.0,Medium,Yes
2009,Andreev I.,Gulbis E.,19,52.0,RUS,2002,80,185,Right,LAT,2004.0,88.0,193.0,Right,Yes,-33.0,Medium,Yes
2009,Blake J.,De Chaunac S.,10,253.0,USA,1999,83,185,Right,FRA,1998.0,74.0,183.0,Right,Yes,-243.0,High,Yes
2009,Murray A.,Granollers M.,4,51.0,GBR,2005,84,191,Right,ESP,2003.0,77.0,191.0,Right,Yes,-47.0,Medium,Yes
2009,Del Potro J.M.,Muller G.,6,87.0,ARG,2005,97,198,Right,LUX,2001.0,89.0,193.0,Left,Yes,-81.0,High,No
2009,Cilic M.,Ferrer D.,20,12.0,CRO,2005,89,198,Right,ESP,2000.0,73.0,175.0,Right,No,8.0,Low,Yes
2009,Djokovic N.,Delic A.,3,127.0,SRB,2003,77,188,Right,BIH,2003.0,93.0,196.0,Right,Yes,-124.0,High,Yes
2009,Robredo T.,Lu Y.H.,22,61.0,ESP,1998,75,180,Right,TPE,2001.0,74.0,180.0,Right,Yes,-39.0,Medium,Yes
2009,Roddick A.,Santoro F.,9,60.0,USA,2000,88,188,Right,FRA,1989.0,74.0,178.0,Right,Yes,-51.0,Medium,Yes
2009,Berdych T.,Wawrinka S.,21,16.0,CZE,2002,91,196,Right,SUI,2002.0,81.0,183.0,Right,No,5.0,Low,Yes
2009,Federer R.,Safin M.,2,27.0,SUI,1998,85,185,Right,RUS,1997.0,88.0,193.0,Right,Yes,-25.0,Low,Yes
2009,Baghdatis M.,Fish M.,97,24.0,CYP,2003,82,178,Right,USA,2000.0,82.0,188.0,Right,No,73.0,Medium,Yes
2009,Monfils G.,Almagro N.,13,18.0,FRA,2004,80,193,Right,ESP,2003.0,86.0,183.0,Right,Yes,-5.0,Low,Yes
2009,Simon G.,Ancic M.,8,36.0,FRA,2002,70,183,Right,CRO,2001.0,82.0,196.0,Right,Yes,-28.0,Low,Yes
2009,Verdasco F.,Stepanek R.,15,23.0,ESP,2001,87,185,Left,CZE,1996.0,76.0,185.0,Right,Yes,-8.0,Low,No
2009,Tsonga J.W.,Sela D.,7,106.0,FRA,2004,91,188,Right,ISR,2002.0,65.0,175.0,Right,Yes,-99.0,High,Yes
2009,Blake J.,Andreev I.,10,19.0,USA,1999,83,185,Right,RUS,2002.0,80.0,185.0,Right,Yes,-9.0,Low,Yes
2009,Gonzalez F.,Gasquet R.,14,25.0,CHI,1999,82,183,Right,FRA,2002.0,75.0,185.0,Right,Yes,-11.0,Low,Yes
2009,Murray A.,Melzer J.,4,32.0,GBR,2005,84,191,Right,AUT,1999.0,81.0,183.0,Left,Yes,-28.0,Low,No
2009,Nadal R.,Haas T.,1,79.0,ESP,2001,85,185,Left,GER,1996.0,84.0,188.0,Right,Yes,-78.0,High,No
2009,Del Potro J.M.,Cilic M.,6,20.0,ARG,2005,97,198,Right,CRO,2005.0,89.0,198.0,Right,Yes,-14.0,Low,Yes
2009,Federer R.,Berdych T.,2,21.0,SUI,1998,85,185,Right,CZE,2002.0,91.0,196.0,Right,Yes,-19.0,Low,Yes
2009,Roddick A.,Robredo T.,9,22.0,USA,2000,88,188,Right,ESP,1998.0,75.0,180.0,Right,Yes,-13.0,Low,Yes
2009,Djokovic N.,Baghdatis M.,3,97.0,SRB,2003,77,188,Right,CYP,2003.0,82.0,178.0,Right,Yes,-94.0,High,Yes
2009,Simon G.,Monfils G.,8,13.0,FRA,2002,70,183,Right,FRA,2004.0,80.0,193.0,Right,Yes,-5.0,Low,Yes
2009,Verdasco F.,Murray A.,15,4.0,ESP,2001,87,185,Left,GBR,2005.0,84.0,191.0,Right,No,11.0,Low,No
2009,Nadal R.,Gonzalez F.,1,14.0,ESP,2001,85,185,Left,CHI,1999.0,82.0,183.0,Right,Yes,-13.0,Low,No
2009,Tsonga J.W.,Blake J.,7,10.0,FRA,2004,91,188,Right,USA,1999.0,83.0,185.0,Right,Yes,-3.0,Low,Yes
2009,Roddick A.,Djokovic N.,9,3.0,USA,2000,88,188,Right,SRB,2003.0,77.0,188.0,Right,No,6.0,Low,Yes
2009,Federer R.,Del Potro J.M.,2,6.0,SUI,1998,85,185,Right,ARG,2005.0,97.0,198.0,Right,Yes,-4.0,Low,Yes
2009,Verdasco F.,Tsonga J.W.,15,7.0,ESP,2001,87,185,Left,FRA,2004.0,91.0,188.0,Right,No,8.0,Low,No
2009,Nadal R.,Simon G.,1,8.0,ESP,2001,85,185,Left,FRA,2002.0,70.0,183.0,Right,Yes,-7.0,Low,No
2009,Federer R.,Roddick A.,2,9.0,SUI,1998,85,185,Right,USA,2000.0,88.0,188.0,Right,Yes,-7.0,Low,Yes
2009,Nadal R.,Verdasco F.,1,15.0,ESP,2001,85,185,Left,ESP,2001.0,87.0,185.0,Left,Yes,-14.0,Low,Yes
2009,Nadal R.,Federer R.,1,2.0,ESP,2001,85,185,Left,SUI,1998.0,85.0,185.0,Right,Yes,-1.0,Low,No
2008,Karlovic I.,Baker J.,24,217.0,CRO,2000,104,211,Right,GBR,2008.0,81.0,182.0,Right,Yes,-193.0,High,Yes
2008,Capdeville P.,Klein B.,100,618.0,CHI,2002,78,191,Right,GBR,2007.0,83.0,188.0,Right,Yes,-518.0,High,Yes
2008,Schuettler R.,Clement A.,92,59.0,GER,1995,75,180,Right,FRA,1996.0,74.0,173.0,Right,No,33.0,Medium,Yes
2008,Fish M.,Pashanski B.,43,95.0,USA,2000,82,188,Right,SRB,2001.0,78.0,178.0,Right,Yes,-52.0,Medium,Yes
2008,Mathieu P.H.,Hanescu V.,25,79.0,FRA,1999,74,185,Right,ROU,2000.0,88.0,198.0,Right,Yes,-54.0,Medium,Yes
2008,Levine J.,Vassallo-Arguello M.,170,77.0,CAN,2007,68,175,Left,ARG,1999.0,80.0,183.0,Right,No,93.0,High,No
2008,Gicquel M.,Lu Y.H.,73,112.0,FRA,1999,75,188,Right,TPE,2001.0,74.0,180.0,Right,Yes,-39.0,Medium,Yes
2008,Nieminen J.,Dancevic F.,26,74.0,FIN,2000,78,185,Left,CAN,2003.0,79.0,185.0,Right,Yes,-48.0,Medium,No
2008,Simon G.,Reynolds B.,33,113.0,FRA,2002,70,183,Right,USA,2003.0,77.0,183.0,Right,Yes,-80.0,High,Yes
2008,Robredo T.,Zverev M.,12,85.0,ESP,1998,75,180,Right,GER,2005.0,88.0,191.0,Left,Yes,-73.0,Medium,No
2008,Sela D.,Slanar M.,66,277.0,ISR,2002,65,175,Right,,,,,,Yes,-211.0,High,
2008,Andreev I.,Pavel A.,35,78.0,RUS,2002,80,185,Right,,,,,,Yes,-43.0,Medium,
2008,Roddick A.,Dlouhy L.,6,154.0,USA,2000,88,188,Right,CZE,2001.0,88.0,185.0,Right,Yes,-148.0,High,Yes
2008,Vliegen K.,Patience O.,105,110.0,BEL,2001,75,193,Right,FRA,1998.0,75.0,180.0,Right,Yes,-5.0,Low,Yes
2008,Tsonga J.W.,Murray A.,38,9.0,FRA,2004,91,188,Right,GBR,2005.0,84.0,191.0,Right,No,29.0,Low,Yes
2008,Berrer M.,Young D.,54,98.0,GER,1999,100,193,Left,USA,2004.0,79.0,183.0,Left,Yes,-44.0,Medium,Yes
2008,Garcia-Lopez G.,Chela J.I.,86,20.0,ESP,2002,80,185,Right,ARG,1998.0,75.0,191.0,Right,No,66.0,Medium,Yes
2008,Falla A.,Anderson K.,84,208.0,COL,2000,77,185,Left,RSA,2007.0,93.0,203.0,Right,Yes,-124.0,High,No
2008,Seppi A.,Levy H.,48,160.0,ITA,2002,75,191,Right,ISR,1995.0,82.0,185.0,Right,Yes,-112.0,High,Yes
2008,Davydenko N.,Llodra M.,4,50.0,RUS,1999,70,178,Right,FRA,1999.0,80.0,191.0,Left,Yes,-46.0,Medium,No
2008,Mahut N.,Acasuso J.,44,63.0,FRA,2000,80,191,Right,ARG,1999.0,86.0,191.0,Right,Yes,-19.0,Low,Yes
2008,Warburg S.,Brzezicki J.P.,172,97.0,USA,2005,85,191,Right,ARG,2001.0,72.0,178.0,Right,No,75.0,Medium,Yes
2008,Youzhny M.,Montcourt M.,14,122.0,RUS,1999,73,183,Right,FRA,2002.0,75.0,183.0,Right,Yes,-108.0,High,Yes
2008,Gasquet R.,Lindahl N.,8,254.0,FRA,2002,75,185,Right,,,,,,Yes,-246.0,High,
2008,Calleri A.,Horna L.,41,76.0,ARG,1995,86,183,Right,PER,1998.0,82.0,180.0,Right,Yes,-35.0,Medium,Yes
2008,Kohlschreiber P.,Karanusic R.,27,133.0,GER,2001,70,178,Right,CRO,2000.0,75.0,183.0,Right,Yes,-106.0,High,Yes
2008,Lopez F.,Odesnik W.,37,124.0,ESP,1997,73,185,Left,USA,2004.0,77.0,180.0,Left,Yes,-87.0,High,Yes
2008,Serra F.,Mayer F.,88,52.0,FRA,2000,78,180,Right,GER,2001.0,82.0,191.0,Right,No,36.0,Medium,Yes
2008,Wawrinka S.,Benneteau J.,29,65.0,SUI,2002,81,183,Right,FRA,2000.0,79.0,185.0,Right,Yes,-36.0,Medium,Yes
2008,Korolev E.,Granollers M.,82,131.0,KAZ,2005,82,185,Right,ESP,2003.0,77.0,191.0,Right,Yes,-49.0,Medium,Yes
2008,Koubek S.,Moya C.,68,18.0,AUT,1994,68,175,Left,ESP,1995.0,86.0,191.0,Right,No,50.0,Medium,No
2008,Nadal R.,Troicki V.,2,126.0,ESP,2001,85,185,Left,SRB,2006.0,86.0,193.0,Right,Yes,-124.0,High,No
2008,Verdasco F.,Ascione T.,28,96.0,ESP,2001,87,185,Left,FRA,2000.0,89.0,188.0,Right,Yes,-68.0,Medium,No
2008,Djokovic N.,Becker B.,3,81.0,SRB,2003,77,188,Right,GER,2005.0,72.0,178.0,Right,Yes,-78.0,High,Yes
2008,Haase R.,Ljubicic I.,103,19.0,NED,2005,71,191,Right,CRO,1998.0,92.0,193.0,Right,No,84.0,High,Yes
2008,Jones A.,Montanes A.,137,45.0,AUS,2000,69,180,Right,ESP,1999.0,70.0,175.0,Right,No,92.0,High,Yes
2008,Delic A.,Kendrick R.,136,108.0,BIH,2003,93,196,Right,USA,2000.0,86.0,191.0,Right,No,28.0,Low,Yes
2008,Monaco J.,Berlocq C.,23,75.0,ARG,2002,81,185,Right,ARG,2001.0,81.0,183.0,Right,Yes,-52.0,Medium,Yes
2008,Bolelli S.,Ram A.,70,233.0,ITA,2003,83,183,Right,,,,,,Yes,-163.0,High,
2008,Tipsarevic J.,Sirianni J.,49,146.0,SRB,2002,80,180,Right,AUS,1996.0,76.0,178.0,Right,Yes,-97.0,High,Yes
2008,Baghdatis M.,Johansson T.,16,51.0,CYP,2003,82,178,Right,SWE,1994.0,80.0,180.0,Right,Yes,-35.0,Medium,Yes
2008,Grosjean S.,Volandri F.,46,39.0,FRA,1996,73,175,Right,ITA,1997.0,73.0,183.0,Right,No,7.0,Low,Yes
2008,Lee H.T.,Guccione C.,47,91.0,KOR,1995,82,180,Right,AUS,2003.0,92.0,201.0,Left,Yes,-44.0,Medium,No
2008,Nalbandian D.,Smeets R.,10,149.0,ARG,2000,79,180,Right,,,,,,Yes,-139.0,High,
2008,Istomin D.,Lacko L.,216,150.0,UZB,2004,88,188,Right,SVK,2005.0,85.0,185.0,Right,No,66.0,Medium,Yes
2008,Cilic M.,Almagro N.,57,31.0,CRO,2005,89,198,Right,ESP,2003.0,86.0,183.0,Right,No,26.0,Low,Yes
2008,Gremelmayr D.,Roitman S.,119,72.0,GER,2000,73,183,Left,ARG,1996.0,79.0,185.0,Right,No,47.0,Medium,No
2008,Querrey S.,Rochus O.,62,56.0,USA,2006,95,198,Right,BEL,1999.0,65.0,168.0,Right,No,6.0,Low,Yes
2008,Safin M.,Gulbis E.,58,61.0,RUS,1997,88,193,Right,LAT,2004.0,88.0,193.0,Right,Yes,-3.0,Low,Yes
2008,Hewitt L.,Darcis S.,22,83.0,AUS,1998,77,178,Right,BEL,2003.0,77.0,178.0,Right,Yes,-61.0,Medium,Yes
2008,Ferrero J.C.,Kiefer N.,21,42.0,ESP,1998,73,183,Right,GER,1995.0,80.0,183.0,Right,Yes,-21.0,Low,Yes
2008,Ferrer D.,Roger-Vasselin E.,5,93.0,ESP,2000,73,175,Right,FRA,2002.0,75.0,188.0,Right,Yes,-88.0,High,Yes
2008,Melzer J.,Vanek J.,71,99.0,AUT,1999,81,183,Left,CZE,1995.0,86.0,185.0,Right,Yes,-28.0,Low,No
2008,Luczak P.,Zabaleta M.,90,104.0,AUS,2000,77,183,Right,ARG,1996.0,77.0,183.0,Right,Yes,-14.0,Low,Yes
2008,Blake J.,Massu N.,15,69.0,USA,1999,83,185,Right,CHI,1997.0,80.0,183.0,Right,Yes,-54.0,Medium,Yes
2008,Berdych T.,Eschauer W.,13,64.0,CZE,2002,91,196,Right,AUT,1998.0,76.0,188.0,Right,Yes,-51.0,Medium,Yes
2008,Hernandez O.,Minar I.,60,102.0,ESP,1998,70,180,Right,CZE,2002.0,85.0,183.0,Right,Yes,-42.0,Medium,Yes
2008,Tursunov D.,Malisse X.,32,156.0,RUS,2000,82,185,Right,BEL,1998.0,83.0,185.0,Right,Yes,-124.0,High,Yes
2008,Russell M.,Fognini F.,101,94.0,USA,1998,70,173,Right,ITA,2004.0,74.0,178.0,Right,No,7.0,Low,Yes
2008,Santoro F.,Isner J.,36,109.0,FRA,1989,74,178,Right,USA,2007.0,108.0,208.0,Right,Yes,-73.0,Medium,Yes
2008,Spadea V.,Stepanek R.,80,30.0,USA,1993,77,183,Right,CZE,1996.0,76.0,185.0,Right,No,50.0,Medium,Yes
2008,Del Potro J.M.,Ventura S.,53,87.0,ARG,2005,97,198,Right,ESP,2001.0,78.0,183.0,Right,Yes,-34.0,Medium,Yes
2008,Gonzalez F.,Economidis K.,7,142.0,CHI,1999,82,183,Right,,,,,,Yes,-135.0,High,
2008,Federer R.,Hartfield D.,1,107.0,SUI,1998,85,185,Right,ARG,1997.0,80.0,185.0,Right,Yes,-106.0,High,Yes
2008,Mathieu P.H.,Capdeville P.,25,100.0,FRA,1999,74,185,Right,CHI,2002.0,78.0,191.0,Right,Yes,-75.0,Medium,Yes
2008,Garcia-Lopez G.,Falla A.,86,84.0,ESP,2002,80,185,Right,COL,2000.0,77.0,185.0,Left,No,2.0,Low,No
2008,Koubek S.,Calleri A.,68,41.0,AUT,1994,68,175,Left,ARG,1995.0,86.0,183.0,Right,No,27.0,Low,No
2008,Nieminen J.,Levine J.,26,170.0,FIN,2000,78,185,Left,CAN,2007.0,68.0,175.0,Left,Yes,-144.0,High,Yes
2008,Karlovic I.,Sela D.,24,66.0,CRO,2000,104,211,Right,ISR,2002.0,65.0,175.0,Right,Yes,-42.0,Medium,Yes
2008,Tsonga J.W.,Warburg S.,38,172.0,FRA,2004,91,188,Right,USA,2005.0,85.0,191.0,Right,Yes,-134.0,High,Yes
2008,Gicquel M.,Wawrinka S.,73,29.0,FRA,1999,75,188,Right,SUI,2002.0,81.0,183.0,Right,No,44.0,Medium,Yes
2008,Nadal R.,Serra F.,2,88.0,ESP,2001,85,185,Left,FRA,2000.0,78.0,180.0,Right,Yes,-86.0,High,No
2008,Youzhny M.,Seppi A.,14,48.0,RUS,1999,73,183,Right,ITA,2002.0,75.0,191.0,Right,Yes,-34.0,Medium,Yes
2008,Fish M.,Robredo T.,43,12.0,USA,2000,82,188,Right,ESP,1998.0,75.0,180.0,Right,No,31.0,Medium,Yes
2008,Simon G.,Schuettler R.,33,92.0,FRA,2002,70,183,Right,GER,1995.0,75.0,180.0,Right,Yes,-59.0,Medium,Yes
2008,Andreev I.,Vliegen K.,35,105.0,RUS,2002,80,185,Right,BEL,2001.0,75.0,193.0,Right,Yes,-70.0,Medium,Yes
2008,Davydenko N.,Mahut N.,4,44.0,RUS,1999,70,178,Right,FRA,2000.0,80.0,191.0,Right,Yes,-40.0,Medium,Yes
2008,Kohlschreiber P.,Korolev E.,27,82.0,GER,2001,70,178,Right,KAZ,2005.0,82.0,185.0,Right,Yes,-55.0,Medium,Yes
2008,Gasquet R.,Lopez F.,8,37.0,FRA,2002,75,185,Right,ESP,1997.0,73.0,185.0,Left,Yes,-29.0,Low,No
2008,Roddick A.,Berrer M.,6,54.0,USA,2000,88,188,Right,GER,1999.0,100.0,193.0,Left,Yes,-48.0,Medium,No
2008,Berdych T.,Hernandez O.,13,60.0,CZE,2002,91,196,Right,ESP,1998.0,70.0,180.0,Right,Yes,-47.0,Medium,Yes
2008,Ferrero J.C.,Jones A.,21,137.0,ESP,1998,73,183,Right,AUS,2000.0,69.0,180.0,Right,Yes,-116.0,High,Yes
2008,Monaco J.,Delic A.,23,136.0,ARG,2002,81,185,Right,BIH,2003.0,93.0,196.0,Right,Yes,-113.0,High,Yes
2008,Tipsarevic J.,Verdasco F.,49,28.0,SRB,2002,80,180,Right,ESP,2001.0,87.0,185.0,Left,No,21.0,Low,No
2008,Federer R.,Santoro F.,1,36.0,SUI,1998,85,185,Right,FRA,1989.0,74.0,178.0,Right,Yes,-35.0,Medium,Yes
2008,Djokovic N.,Bolelli S.,3,70.0,SRB,2003,77,188,Right,ITA,2003.0,83.0,183.0,Right,Yes,-67.0,Medium,Yes
2008,Hewitt L.,Istomin D.,22,216.0,AUS,1998,77,178,Right,UZB,2004.0,88.0,188.0,Right,Yes,-194.0,High,Yes
2008,Ferrer D.,Del Potro J.M.,5,53.0,ESP,2000,73,175,Right,ARG,2005.0,97.0,198.0,Right,Yes,-48.0,Medium,Yes
2008,Querrey S.,Tursunov D.,62,32.0,USA,2006,95,198,Right,RUS,2000.0,82.0,185.0,Right,No,30.0,Low,Yes
2008,Cilic M.,Melzer J.,57,71.0,CRO,2005,89,198,Right,AUT,1999.0,81.0,183.0,Left,Yes,-14.0,Low,No
2008,Grosjean S.,Haase R.,46,103.0,FRA,1996,73,175,Right,NED,2005.0,71.0,191.0,Right,Yes,-57.0,Medium,Yes
2008,Spadea V.,Gremelmayr D.,80,119.0,USA,1993,77,183,Right,GER,2000.0,73.0,183.0,Left,Yes,-39.0,Medium,No
2008,Nalbandian D.,Luczak P.,10,90.0,ARG,2000,79,180,Right,AUS,2000.0,77.0,183.0,Right,Yes,-80.0,High,Yes
2008,Gonzalez F.,Lee H.T.,7,47.0,CHI,1999,82,183,Right,KOR,1995.0,82.0,180.0,Right,Yes,-40.0,Medium,Yes
2008,Blake J.,Russell M.,15,101.0,USA,1999,83,185,Right,USA,1998.0,70.0,173.0,Right,Yes,-86.0,High,Yes
2008,Baghdatis M.,Safin M.,16,58.0,CYP,2003,82,178,Right,RUS,1997.0,88.0,193.0,Right,Yes,-42.0,Medium,Yes
2008,Davydenko N.,Gicquel M.,4,73.0,RUS,1999,70,178,Right,FRA,1999.0,75.0,188.0,Right,Yes,-69.0,Medium,Yes
2008,Tsonga J.W.,Garcia-Lopez G.,38,86.0,FRA,2004,91,188,Right,ESP,2002.0,80.0,185.0,Right,Yes,-48.0,Medium,Yes
2008,Youzhny M.,Karlovic I.,14,24.0,RUS,1999,73,183,Right,CRO,2000.0,104.0,211.0,Right,Yes,-10.0,Low,Yes
2008,Mathieu P.H.,Koubek S.,25,68.0,FRA,1999,74,185,Right,AUT,1994.0,68.0,175.0,Left,Yes,-43.0,Medium,No
2008,Nadal R.,Simon G.,2,33.0,ESP,2001,85,185,Left,FRA,2002.0,70.0,183.0,Right,Yes,-31.0,Medium,No
2008,Gasquet R.,Andreev I.,8,35.0,FRA,2002,75,185,Right,RUS,2002.0,80.0,185.0,Right,Yes,-27.0,Low,Yes
2008,Nieminen J.,Fish M.,26,43.0,FIN,2000,78,185,Left,USA,2000.0,82.0,188.0,Right,Yes,-17.0,Low,No
2008,Kohlschreiber P.,Roddick A.,27,6.0,GER,2001,70,178,Right,USA,2000.0,88.0,188.0,Right,No,21.0,Low,Yes
2008,Berdych T.,Monaco J.,13,23.0,CZE,2002,91,196,Right,ARG,2002.0,81.0,185.0,Right,Yes,-10.0,Low,Yes
2008,Blake J.,Grosjean S.,15,46.0,USA,1999,83,185,Right,FRA,1996.0,73.0,175.0,Right,Yes,-31.0,Medium,Yes
2008,Cilic M.,Gonzalez F.,57,7.0,CRO,2005,89,198,Right,CHI,1999.0,82.0,183.0,Right,No,50.0,Medium,Yes
2008,Federer R.,Tipsarevic J.,1,49.0,SUI,1998,85,185,Right,SRB,2002.0,80.0,180.0,Right,Yes,-48.0,Medium,Yes
2008,Djokovic N.,Querrey S.,3,62.0,SRB,2003,77,188,Right,USA,2006.0,95.0,198.0,Right,Yes,-59.0,Medium,Yes
2008,Hewitt L.,Baghdatis M.,22,16.0,AUS,1998,77,178,Right,CYP,2003.0,82.0,178.0,Right,No,6.0,Low,Yes
2008,Ferrero J.C.,Nalbandian D.,21,10.0,ESP,1998,73,183,Right,ARG,2000.0,79.0,180.0,Right,No,11.0,Low,Yes
2008,Ferrer D.,Spadea V.,5,80.0,ESP,2000,73,175,Right,USA,1993.0,77.0,183.0,Right,Yes,-75.0,Medium,Yes
2008,Nieminen J.,Kohlschreiber P.,26,27.0,FIN,2000,78,185,Left,GER,2001.0,70.0,178.0,Right,Yes,-1.0,Low,No
2008,Tsonga J.W.,Gasquet R.,38,8.0,FRA,2004,91,188,Right,FRA,2002.0,75.0,185.0,Right,No,30.0,Low,Yes
2008,Youzhny M.,Davydenko N.,14,4.0,RUS,1999,73,183,Right,RUS,1999.0,70.0,178.0,Right,No,10.0,Low,Yes
2008,Nadal R.,Mathieu P.H.,2,25.0,ESP,2001,85,185,Left,FRA,1999.0,74.0,185.0,Right,Yes,-23.0,Low,No
2008,Blake J.,Cilic M.,15,57.0,USA,1999,83,185,Right,CRO,2005.0,89.0,198.0,Right,Yes,-42.0,Medium,Yes
2008,Federer R.,Berdych T.,1,13.0,SUI,1998,85,185,Right,CZE,2002.0,91.0,196.0,Right,Yes,-12.0,Low,Yes
2008,Ferrer D.,Ferrero J.C.,5,21.0,ESP,2000,73,175,Right,ESP,1998.0,73.0,183.0,Right,Yes,-16.0,Low,Yes
2008,Djokovic N.,Hewitt L.,3,22.0,SRB,2003,77,188,Right,AUS,1998.0,77.0,178.0,Right,Yes,-19.0,Low,Yes
2008,Nadal R.,Nieminen J.,2,26.0,ESP,2001,85,185,Left,FIN,2000.0,78.0,185.0,Left,Yes,-24.0,Low,Yes
2008,Tsonga J.W.,Youzhny M.,38,14.0,FRA,2004,91,188,Right,RUS,1999.0,73.0,183.0,Right,No,24.0,Low,Yes
2008,Djokovic N.,Ferrer D.,3,5.0,SRB,2003,77,188,Right,ESP,2000.0,73.0,175.0,Right,Yes,-2.0,Low,Yes
2008,Federer R.,Blake J.,1,15.0,SUI,1998,85,185,Right,USA,1999.0,83.0,185.0,Right,Yes,-14.0,Low,Yes
2008,Tsonga J.W.,Nadal R.,38,2.0,FRA,2004,91,188,Right,ESP,2001.0,85.0,185.0,Left,No,36.0,Medium,No
2008,Djokovic N.,Federer R.,3,1.0,SRB,2003,77,188,Right,SUI,1998.0,85.0,185.0,Right,No,2.0,Low,Yes
2008,Djokovic N.,Tsonga J.W.,3,38.0,SRB,2003,77,188,Right,FRA,2004.0,91.0,188.0,Right,Yes,-35.0,Medium,Yes
